alias	num_parts	difficulty
8303-1.mpd	51	simple
7911-1.mpd	34	simple
316-1.mpd	146	medium
6741-1_Shuttle.mpd	57	simple
6682-1.mpd	97	medium
854-1.mpd	329	medium
3223-1_Scorpion.mpd	30	simple
6506-1.mpd	40	simple
40348-1.mpd	156	medium
40290-1_Black-Seas-Barracuda.mpd	114	medium
1211-2.mpd	126	medium
21008-1.mpd	128	medium
31028-1_Airboat.mpd	45	simple
8841-1.mpd	728	complex
8122-1.mpd	41	simple
3501-1_Model-5.mpd	26	simple
1499-1.mpd	95	medium
30034-1.mpd	36	simple
8002-1.mpd	3734	complex
3181-1.mpd	333	medium
7607-1.mpd	35	simple
75033-1.mpd	108	medium
5510-1.mpd	1699	complex
41498-1.mpd	396	medium
4491-1.mpd	79	medium
42102-1_Harvester.mpd	209	medium
6831-1.mpd	45	simple
41601-1.mpd	112	medium
8257-1.mpd	1263	complex
6666-1.mpd	93	medium
3061-1.mpd	270	medium
6954-1.mpd	426	complex
4005-1.mpd	350	medium
5571-1.mpd	1752	complex
10183-1_Small-steam-locomotive.mpd	152	medium
8283-1_Front-End-Loader.mpd	263	medium
722-1_Semi-Truck.mpd	192	medium
6623-1.mpd	46	simple
4096-1_Crane.mpd	61	simple
6607-1.mpd	30	simple
6642-1.mpd	73	medium
10183-1.mpd	524	complex
6056-1.mpd	127	medium
41092-1.mpd	238	medium
7815-1.mpd	233	medium
4555-1.mpd	396	medium
41618-1.mpd	201	medium
10002-1.mpd	347	medium
6373-1.mpd	319	medium
21013-1.mpd	298	medium
6850-1.mpd	62	simple
41625-1.mpd	182	medium
42046-1.mpd	171	medium
41500-1.mpd	108	medium
75870-1.mpd	644	complex
894-1.mpd	93	medium
1991-1.mpd	89	medium
30055-1.mpd	36	simple
8143-1.mpd	529	complex
6889-1.mpd	213	medium
30191-1.mpd	41	simple
950-1.mpd	216	medium
2531-1.mpd	111	medium
30311-1.mpd	58	simple
40194-1.mpd	59	simple
60066-1.mpd	103	medium
6357-1.mpd	198	medium
6397-1.mpd	829	complex
40351-1.mpd	127	medium
42062-1.mpd	837	complex
6522-1.mpd	33	simple
3795-1.mpd	88	medium
10297-1.mpd	3611	complex
603-1.mpd	29	simple
164-1_Excursion-Car.mpd	126	medium
31048-1_Small-Cabin.mpd	196	medium
31197-1_Version-D.mpd	2645	complex
40391-1.mpd	157	medium
6608-1.3.mpd	25	simple
4200-1.mpd	108	medium
40441-1.mpd	258	medium
7746-1.mpd	223	medium
8642-1_Combination-with-8641.mpd	72	medium
21037-1.mpd	793	complex
42123-1.mpd	3344	complex
6232-1.mpd	40	simple
31009-1.mpd	272	medium
928-1.mpd	379	medium
8156-1.mpd	613	complex
377-1.mpd	207	medium
6970-1.mpd	296	medium
40271-1.mpd	115	medium
10183-1_German-Standard-Electric-Locomotive-2.mpd	260	medium
41630-1.mpd	193	medium
8032-1_Bull.mpd	124	medium
8865-1.mpd	830	complex
41015-1.mpd	1139	complex
6043-1.mpd	180	medium
6890-1.mpd	127	medium
5982-1.mpd	178	medium
41585-1.mpd	153	medium
6402-1.mpd	63	simple
8820-1.mpd	202	medium
3221-1.mpd	293	medium
42107-1.mpd	783	complex
10143-1.mpd	1909	complex
8261-1_Semi-Tractor.mpd	197	medium
3625-1.mpd	130	medium
31313-1_Track3r.mpd	5154	complex
6828-1.mpd	63	simple
8062-1_Helicopter.mpd	353	medium
31040-1_Dune-Buggy.mpd	96	medium
4488-1.mpd	67	medium
6054-1.mpd	216	medium
41589-1.mpd	133	medium
4404-1_Bike.mpd	237	medium
6334-1.mpd	202	medium
10242-1.mpd	1036	complex
40290-1_Space.mpd	77	medium
42004-1_Telehandler.mpd	221	medium
7817-1.mpd	1157	complex
45300-1_Milo-with-tilt-sensor.mpd	578	complex
5540-1_Plane.mpd	359	medium
8063-1.mpd	1189	complex
75050-1.mpd	435	complex
41627-1.mpd	223	medium
601-2.mpd	22	simple
6011-1.mpd	32	simple
952-1.mpd	323	medium
6852-1.mpd	76	medium
6699-1.mpd	226	medium
6598-1.mpd	724	complex
6718-1.mpd	110	medium
7784-1.mpd	994	complex
71006-1.mpd	2636	complex
9394-1_Propeller-Plane.mpd	603	complex
5893-1_Buggy.mpd	541	complex
3660-1.mpd	243	medium
8130-1_Combination-with-8131.mpd	85	medium
41603-1.mpd	136	medium
6445-1.mpd	112	medium
4883-1_Experienced-Build-Dozer.mpd	86	medium
4557-1.mpd	350	medium
8120-1.mpd	47	simple
31025-1_Small-Lodge.mpd	365	medium
1916-1.mpd	33	simple
3501-1_Model-6.mpd	10	simple
9470-1.mpd	247	medium
5980-1.mpd	509	complex
8301-1_Combination-with-8304.mpd	73	medium
30036-1.mpd	29	simple
42088-1_Tow-Truck.mpd	241	medium
7800-1.mpd	29	simple
10205-1.mpd	231	medium
6035-1.mpd	65	medium
40353-1.mpd	287	medium
30313-1.mpd	62	simple
7248-1.mpd	136	medium
31040-1.mpd	108	medium
6355-1.mpd	147	medium
6876-1.mpd	108	medium
4096-1_EB-Truck.mpd	35	simple
106-1.mpd	64	simple
6833-1.mpd	52	simple
21035-1.mpd	920	complex
8149-1_Combination-with-8150.mpd	92	medium
6673-1.mpd	83	medium
42060-1.mpd	594	complex
1029-1.mpd	102	medium
7128-1.mpd	77	medium
3015-1.mpd	33	simple
40782-1.mpd	273	medium
9469-1.mpd	87	medium
41072-1.mpd	262	medium
17101-1_Frankie-the-Cat.mpd	1711	complex
6680-1.mpd	80	medium
21011-1.mpd	356	medium
40377-1.mpd	96	medium
41587-1.mpd	148	medium
1479-1.mpd	49	simple
1704-1.mpd	61	simple
5540-1.mpd	912	complex
30193-1.mpd	118	medium
10280-1.mpd	430	complex
10240-1.mpd	1279	complex
41502-1.mpd	112	medium
4996-1_Cozy-Cafe.mpd	434	complex
40273-1.mpd	111	medium
76042-1.mpd	3033	complex
314-1.mpd	98	medium
625-1.mpd	41	simple
4432-1.mpd	192	medium
6375-1.mpd	230	medium
8198-1.mpd	140	medium
3501-1_Model-7.mpd	9	simple
601-1.mpd	19	simple
21015-1.mpd	337	medium
7725-1.mpd	372	medium
7992-1.mpd	228	medium
10264-1.mpd	2651	complex
31088-1_Angler-Fish.mpd	157	medium
1213-2.mpd	98	medium
1484-1.mpd	211	medium
6541-1.mpd	694	complex
42079-1.mpd	709	complex
6545-1.mpd	314	medium
7131-1.mpd	185	medium
20015-1.mpd	92	medium
3183-1.mpd	158	medium
20011-1.mpd	75	medium
31039-1_Speedboat.mpd	304	medium
8158-1.mpd	252	medium
31037-1_Hovercraft.mpd	219	medium
6504-1.mpd	33	simple
4493-1.mpd	56	simple
7760-1.mpd	168	medium
7638-1.mpd	165	medium
4918-1.mpd	78	medium
7601-1.mpd	42	simple
10158-1.mpd	170	medium
42084-1.mpd	191	medium
7347-1_Car.mpd	391	medium
21309-1.mpd	1085	complex
8032-1_Helicopter.mpd	193	medium
8259-1.mpd	145	medium
6644-1.mpd	78	medium
6581-1.mpd	155	medium
4532-1.mpd	123	medium
42105-1.mpd	780	complex
42040-1.mpd	822	complex
5865-1_4x4.mpd	56	simple
6956-1.mpd	356	medium
6601-1.mpd	38	simple
10019-1.mpd	1407	complex
395-1.mpd	280	medium
7268-1.mpd	35	simple
7150-1.mpd	381	medium
4905-1.mpd	42	simple
4536-1.mpd	167	medium
42121-1.mpd	1215	complex
10183-1_Switcher.mpd	222	medium
8081-1.mpd	624	complex
3063-1.mpd	200	medium
42044-1.mpd	141	medium
7275-1.mpd	11	simple
8301-1.mpd	45	simple
6524-1.mpd	60	simple
6605-1.mpd	25	simple
31084-1_Skull-ride.mpd	913	complex
7271-1.mpd	8	simple
40192-1.mpd	45	simple
4917-1_Bird.mpd	65	medium
8260-1.mpd	108	medium
8074-1_Tractor.mpd	332	medium
8202-1_B-Model.mpd	263	medium
60059-1.mpd	233	medium
6368-1.mpd	151	medium
8218-1.mpd	70	medium
75253-1_Gong.mpd	823	complex
8810-1_Trike.mpd	111	medium
6400-1.mpd	31	simple
6799-1_Wheelgun.mpd	40	simple
3223-1.mpd	46	simple
42059-1.mpd	172	medium
1620-1.mpd	44	simple
3939-1.mpd	104	medium
60001-1.mpd	104	medium
8124-1.mpd	178	medium
8448-1_Hot-Rod.mpd	1138	complex
4996-1_Apartment-Building.mpd	398	medium
6049-1.mpd	190	medium
60101-1.mpd	390	medium
8022-1_Tow-Truck.mpd	105	medium
4838-1.mpd	81	medium
6933-1.mpd	241	medium
8161-1.mpd	551	complex
41607-1.mpd	140	medium
8119-1.mpd	48	simple
6388-1.mpd	376	medium
621-1.mpd	42	simple
733-1_Rescue-Helicopter.mpd	207	medium
3187-1.mpd	517	complex
312-3.mpd	152	medium
6074-1.mpd	579	complex
10218-1.mpd	2034	complex
31197-1_Version-C.mpd	2645	complex
40290-1_Airport-Shuttle.mpd	100	medium
4349-1_Dragon-Fly.mpd	33	simple
21323-1.mpd	2904	complex
4888-1_Experienced-Build---G.mpd	135	medium
4436-1.mpd	111	medium
6896-1.mpd	110	medium
7740-1.mpd	669	complex
8655-1.mpd	58	simple
605-1.mpd	29	simple
7636-1.mpd	375	medium
8826-1.mpd	104	medium
3716-1.mpd	82	medium
21028-1.mpd	534	complex
6348-1.mpd	474	complex
10124-1.mpd	1588	complex
60018-1.mpd	253	medium
3501-1_Model-2.mpd	15	simple
8808-1.mpd	98	medium
10183-1_Diesel-electric-American-locomotive.mpd	426	complex
8399-1.mpd	18	simple
6537-1.mpd	58	simple
4641-1.mpd	43	simple
75892-1.mpd	317	medium
30571-1.mpd	70	medium
6949-1.mpd	415	medium
5510-1_Tow-Truck.mpd	1696	complex
30091-1.mpd	36	simple
6684-1.mpd	221	medium
41487-1.mpd	153	medium
31197-1_Version-B.mpd	2645	complex
3314-1.mpd	175	medium
40013-1.mpd	19	simple
5984-1.mpd	387	medium
21022-1.mpd	270	medium
8662-1_Combination-with-8665.mpd	94	medium
21113-1.mpd	240	medium
41485-1.mpd	197	medium
42125-1.mpd	7207	complex
42032-1.mpd	259	medium
5979-1.mpd	293	medium
42101-1.mpd	199	medium
40011-1.mpd	57	simple
4096-1_Formula1.mpd	23	simple
8020-1_Chopper.mpd	58	simple
5770-1.mpd	544	complex
10359-1.mpd	1273	complex
21031-1.mpd	315	medium
42064-1.mpd	1629	complex
4018-1.mpd	12	simple
2845-1.mpd	40	simple
8074-1_Crane.mpd	859	complex
4434-1.mpd	215	medium
42080-1.mpd	2716	complex
6753-1_Crane.mpd	994	complex
75054-1.mpd	1106	complex
7209-1.mpd	31	simple
8657-1.mpd	39	simple
42021-1.mpd	199	medium
6679-1.mpd	88	medium
31088-1_Squid.mpd	149	medium
744-1_Truck.mpd	306	medium
4206-2.mpd	321	medium
7111-1.mpd	64	simple
8193-1_Combination-with-8195.mpd	79	medium
561412-1.mpd	37	simple
6625-1.mpd	208	medium
6780-1.mpd	420	complex
42099-1.mpd	3246	complex
852-1.mpd	341	medium
4888-1_Experienced-Build---F.mpd	226	medium
6351-1.mpd	197	medium
3636-1.mpd	344	medium
30053-1.mpd	42	simple
10020-1.mpd	447	complex
956-1.mpd	615	complex
6481-1.mpd	189	medium
6813-1.mpd	34	simple
6660-1.mpd	58	simple
6627-1.mpd	48	simple
21033-1.mpd	343	medium
42077-1.mpd	1303	complex
7813-1.mpd	179	medium
4551-1.mpd	254	medium
8304-1_Combination-with-8301.mpd	73	medium
555-2_Farm-Tractor.mpd	32	simple
6741-1_Speedboat.mpd	58	simple
10246-1.mpd	2450	complex
733-1_Laboratory.mpd	216	medium
42038-1.mpd	1034	complex
3791-1.mpd	65	medium
75954-1.mpd	922	complex
3501-1_Model-3.mpd	17	simple
10185-1.mpd	2397	complex
8063-1_Sower.mpd	1096	complex
6526-1.mpd	55	simple
850-1.mpd	216	medium
9476-1.mpd	580	complex
4918-1_Bi-Plane.mpd	65	medium
30029-1.mpd	88	medium
1875-1.mpd	38	simple
7210-1.mpd	33	simple
41598-1.mpd	121	medium
41621-1.mpd	252	medium
30051-1.mpd	50	simple
42023-1_Wheel-Loader.mpd	215	medium
8147-1.mpd	721	complex
6811-1.mpd	35	simple
7236-1.mpd	64	simple
5866-1.mpd	152	medium
6406-1.mpd	31	simple
4903-1.mpd	42	simple
6894-1.mpd	176	medium
8274-1_Dragstar.mpd	763	complex
42066-1.mpd	1599	complex
544-1_Car.mpd	14	simple
6679-2.mpd	83	medium
6989-1.mpd	2352	complex
51515-1_Blast.mpd	6347	complex
8203-1.mpd	37	simple
40379-1.mpd	157	medium
6931-1.mpd	460	complex
8824-1.mpd	314	medium
31038-1_Winter.mpd	396	medium
75277-1.mpd	673	complex
5866-1_Plane.mpd	119	medium
3501-1_Model-1.mpd	7	simple
623-1.mpd	45	simple
4912-1.mpd	30	simple
889-1.mpd	38	simple
10227-1.mpd	1534	complex
8418-1_B-Model.mpd	62	simple
1462-1.mpd	35	simple
7808-1.mpd	35	simple
3668-1.mpd	589	complex
10183-1_3-axis-steam-locomotive.mpd	172	medium
1772-1.mpd	78	medium
8845-1.mpd	174	medium
3404-1.mpd	173	medium
6600-1_Model-B.mpd	23	simple
600-1.mpd	21	simple
31048-1.mpd	354	medium
4918-1_Jet.mpd	63	simple
560-1.mpd	237	medium
8835-1.mpd	248	medium
31031-1_Chameleon.mpd	130	medium
310-3.mpd	85	medium
4025-1.mpd	484	complex
7816-1.mpd	144	medium
8033-1.mpd	46	simple
30056-1.mpd	39	simple
6603-1.mpd	33	simple
6353-1.mpd	200	medium
6965-1.mpd	22	simple
1702-1.mpd	65	medium
4002020-1.mpd	1057	complex
41504-1.mpd	98	medium
4096-1_Forklift.mpd	47	simple
41605-1.mpd	105	medium
6484-1.mpd	293	medium
10885-1.mpd	47	simple
3178-1.mpd	110	medium
7603-1.mpd	34	simple
8126-1.mpd	154	medium
5864-1_Plane.mpd	43	simple
40190-1.mpd	92	medium
8258-1.mpd	4242	complex
1787-1.mpd	206	medium
30030-1.mpd	30	simple
75253-1.mpd	1057	complex
6753-1.mpd	1313	complex
6870-1.mpd	73	medium
31088-1.mpd	254	medium
3676-1.mpd	129	medium
75969-1.mpd	1150	complex
6382-1.mpd	404	medium
42032-1_Snow-Groomer.mpd	212	medium
6010-1.mpd	43	simple
6835-1.mpd	55	simple
8119-1_Combination-with-8122.mpd	61	simple
4347-1_Race-Car.mpd	28	simple
42031-1_Tow-Truck.mpd	136	medium
7835-1.mpd	121	medium
60065-1.mpd	73	medium
6716-1.mpd	75	medium
8527-1_Basket-Tri-bot.mpd	925	complex
42024-1.mpd	1024	complex
1097-1.mpd	26	simple
6950-1.mpd	239	medium
349-1.mpd	81	medium
164-1_Coach.mpd	103	medium
8204-1.mpd	43	simple
4939-1.mpd	214	medium
42120-1.mpd	1565	complex
10262-1.mpd	1523	complex
42078-1_Dump-Truck.mpd	2131	complex
9471-1.mpd	289	medium
544-1_House.mpd	108	medium
3933-1.mpd	99	medium
6973-1.mpd	526	complex
6698-1.mpd	132	medium
5981-1.mpd	58	simple
31197-1_Version-A.mpd	2645	complex
30195-1.mpd	53	simple
42061-1.mpd	444	complex
7130-1.mpd	247	medium
6878-1.mpd	83	medium
3501-1_MOdel-8.mpd	26	simple
4308-1.mpd	29	simple
40783-1.mpd	248	medium
8062-1_Crane.mpd	379	medium
6354-1.mpd	315	medium
7936-1.mpd	151	medium
6990-1.mpd	1128	complex
40352-1.mpd	179	medium
4096-1_Combine-Harvester.mpd	49	simple
10212-1.mpd	2134	complex
5762-1_Speedboat.mpd	43	simple
21034-1.mpd	656	complex
30312-1.mpd	150	medium
42042-1.mpd	2920	complex
6479-1.mpd	472	complex
6658-1.mpd	70	medium
42082-1.mpd	5479	complex
6369-1.mpd	146	medium
31038-1.mpd	565	complex
21017-1.mpd	1045	complex
4495-1.mpd	71	medium
4904-1.mpd	32	simple
7990-1.mpd	285	medium
6893-1.mpd	189	medium
30542-1_Cute-Pug.mpd	73	medium
6599-1.mpd	69	medium
7452-1.mpd	35	simple
1952-1.mpd	137	medium
3796-1.mpd	92	medium
10001-1_B-Model-from-Instruction.mpd	724	complex
10018-1.mpd	1869	complex
6521-1.mpd	66	medium
30277-1.mpd	57	simple
5761-1.mpd	55	simple
4433-1.mpd	210	medium
10241-1.mpd	1371	complex
7745-1.mpd	661	complex
10281-1.mpd	710	complex
6885-1.mpd	122	medium
8281-1.mpd	128	medium
374-1.mpd	370	medium
4837-1_Steam-Train.mpd	70	medium
10156-1.mpd	113	medium
40272-1.mpd	155	medium
7274-1.mpd	7	simple
70127-1.mpd	183	medium
6745-1.mpd	238	medium
4838-1_Wrecker.mpd	69	medium
20009-1.mpd	96	medium
7875-1.mpd	44	simple
8199-1.mpd	140	medium
21052-1.mpd	765	complex
21009-1.mpd	475	complex
42023-1_Dump-Truck.mpd	331	medium
6830-1.mpd	61	simple
6681-1.mpd	90	medium
21012-1.mpd	274	medium
6540-1.mpd	502	complex
6073-1.mpd	593	complex
6891-1.mpd	252	medium
6875-1.mpd	92	medium
6507-1.mpd	39	simple
30035-1.mpd	31	simple
1854-1.mpd	150	medium
30190-1.mpd	33	simple
8001-1.mpd	3093	complex
8260-1_Motorbike.mpd	76	medium
8836-1_Autogyro.mpd	207	medium
7893-1.mpd	899	complex
8196-1.mpd	139	medium
41600-1.mpd	125	medium
8123-1.mpd	142	medium
6542-1.mpd	1096	complex
6957-1.mpd	290	medium
6372-1.mpd	242	medium
3185-1.mpd	1564	complex
42122-1.mpd	1312	complex
4490-1.mpd	91	medium
8020-1_Dozer.mpd	94	medium
31072-1_Hot-Rod.mpd	78	medium
42078-1.mpd	2932	complex
40466-1.mpd	274	medium
75895-1.mpd	192	medium
5920-1.mpd	56	simple
10281-1_Cherry-Blossoms.mpd	764	complex
42112-1.mpd	1809	complex
3180-1.mpd	276	medium
1896-1.mpd	441	complex
950-1_Grader.mpd	175	medium
6370-1.mpd	190	medium
10001-1.mpd	872	complex
8148-1_Combination-with-8151.mpd	92	medium
544-1_Ship.mpd	112	medium
8281-1_Side-Car.mpd	107	medium
376-2.mpd	237	medium
4492-1.mpd	89	medium
6102-1.mpd	78	medium
30101-1.mpd	32	simple
42106-1.mpd	1143	complex
75953-1.mpd	693	complex
7722-1_Combination-with-7865.mpd	708	complex
8868-1_Dump-Truck.mpd	2119	complex
8054-1_Model-D.mpd	165	medium
6941-1.mpd	496	complex
3721-1.mpd	18	simple
8182-1.mpd	405	medium
1974-3.mpd	61	simple
42000-1.mpd	1378	complex
10918-1.mpd	520	complex
42045-1.mpd	349	medium
7997-1.mpd	424	complex
6596-1.mpd	154	medium
40270-1.mpd	289	medium
41501-1.mpd	148	medium
3708-1.mpd	31	simple
30542-1_Turkey.mpd	29	simple
8495-1.mpd	512	complex
75155-1.mpd	719	complex
733-1_Formula-1-Racer.mpd	111	medium
897-1.mpd	98	medium
8644-1_Combination-with-8643.mpd	62	simple
40195-1.mpd	258	medium
4489-1.mpd	84	medium
7912-1.mpd	21	simple
7639-1.mpd	178	medium
8131-1_Combination-with-8130.mpd	85	medium
6955-1.mpd	282	medium
6505-1.mpd	37	simple
30192-1.mpd	48	simple
31049-1_Snowmobile.mpd	373	medium
722-1_Steam-Roller.mpd	96	medium
10159-1.mpd	613	complex
41602-1.mpd	120	medium
4537-1.mpd	167	medium
71200-1.mpd	416	medium
7910-1.mpd	25	simple
9390-1_Race-Car.mpd	110	medium
6641-1.mpd	81	medium
42093-1.mpd	712	complex
6462-1.mpd	217	medium
8121-1.mpd	48	simple
4347-1_Robo.mpd	30	simple
8840-1_B-Model.mpd	256	medium
6761-1.mpd	392	medium
21010-1.mpd	2277	complex
8854-1.mpd	982	complex
8133-1_Combination-with-8132.mpd	88	medium
6604-1.mpd	37	simple
4886-1_Advanced-Build.mpd	619	complex
75075-1.mpd	85	medium
8159-1.mpd	245	medium
31072-1.mpd	102	medium
1212-2.mpd	98	medium
7641-1.mpd	515	complex
10267-1.mpd	1502	complex
21311-1.mpd	2469	complex
7246-1.mpd	46	simple
8880-1.mpd	1366	complex
8840-1.mpd	226	medium
6848-1.mpd	84	medium
42047-1.mpd	184	medium
31037-1.mpd	337	medium
6071-1.mpd	248	medium
4954-1_House-with-Truck.mpd	872	complex
6832-1.mpd	56	simple
350-3.mpd	246	medium
5973-1.mpd	547	complex
392-1.mpd	195	medium
3501-1_Model-9.mpd	8	simple
10258-1.mpd	1462	complex
60083-1.mpd	323	medium
1713-1.mpd	31	simple
6606-1.mpd	29	simple
112-2.mpd	469	complex
6877-1.mpd	75	medium
8049-1_Log-Handler.mpd	1556	complex
6697-1.mpd	96	medium
6643-1.mpd	82	medium
6683-1.mpd	82	medium
2140-1.mpd	273	medium
8001-1_AT---ST.mpd	787	complex
40349-1.mpd	140	medium
8302-1.mpd	48	simple
31070-1.mpd	659	complex
1869-1.mpd	82	medium
3628-1.mpd	124	medium
41503-1.mpd	126	medium
4837-1_Locomotive.mpd	64	simple
5865-1_F1.mpd	54	simple
6034-1.mpd	81	medium
1210-2.mpd	135	medium
7735-1_B-Model-from-Instruction.mpd	564	complex
6988-1.mpd	611	complex
3794-1.mpd	21	simple
4947-1.mpd	29	simple
7276-1.mpd	6	simple
4883-1_Advanced-Build-4WD.mpd	121	medium
7821-1_B-Model-from-Instruction.mpd	72	medium
6523-1.mpd	59	simple
41075-1.mpd	810	complex
10265-1.mpd	1912	complex
2882-1.mpd	30	simple
4915-1_Flat-Bed.mpd	61	simple
5766-1_Bridge-House.mpd	285	medium
41590-1.mpd	143	medium
8122-1_Combination-with-8119.mpd	61	simple
6396-1.mpd	607	complex
8062-1.mpd	155	medium
8020-1_Truck.mpd	95	medium
41586-1.mpd	163	medium
4347-1_Cement-Truck.mpd	30	simple
6747-1.mpd	261	medium
75276-1.mpd	688	complex
7747-1.mpd	452	complex
42021-1_Snow-Motorcycle.mpd	169	medium
1808-1.mpd	142	medium
7272-1.mpd	10	simple
40141-1.mpd	204	medium
2962-1.mpd	86	medium
4431-1.mpd	223	medium
10183-1_Tram.mpd	227	medium
7819-1.mpd	179	medium
8662-1.mpd	49	simple
4348-1_Helicopter.mpd	20	simple
31084-1_Ship-ride.mpd	909	complex
76139-1.mpd	3491	complex
5893-1.mpd	1040	complex
8270-1_Tower-Crane.mpd	108	medium
315-2.mpd	127	medium
7732-1.mpd	96	medium
40350-1.mpd	121	medium
4906-1.mpd	15	simple
75272-1.mpd	662	complex
6745-1_Helicopter.mpd	182	medium
10220-1.mpd	1968	complex
76897-1.mpd	448	complex
6067-1.mpd	279	medium
40440-1.mpd	256	medium
6861-1.mpd	54	simple
8120-1_Combinaton-with-8121.mpd	82	medium
21318-1_Autumn.mpd	3116	complex
3644-1.mpd	119	medium
6022-1.mpd	56	simple
8838-1.mpd	409	medium
31066-1_Rover.mpd	254	medium
8828-1_Grader.mpd	173	medium
8859-1.mpd	734	complex
40014-1.mpd	25	simple
5983-1.mpd	327	medium
4096-1_Loader.mpd	67	medium
167-1.mpd	119	medium
7667-1.mpd	102	medium
8283-1.mpd	346	medium
7824-1.mpd	521	complex
4554-1.mpd	609	complex
75948-1.mpd	965	complex
7191-1.mpd	1177	complex
924-1.mpd	193	medium
744-1_Factory.mpd	229	medium
75053-1.mpd	971	complex
5610-1.mpd	30	simple
6814-1.mpd	35	simple
21036-1.mpd	320	medium
1210-2_ALternate-model.mpd	135	medium
6667-1.mpd	148	medium
6743-1_Hot-Rod.mpd	155	medium
41614-1.mpd	242	medium
42063-1.mpd	1023	complex
10298-1.mpd	2205	complex
6622-1.mpd	169	medium
4953-1_Helicopter.mpd	140	medium
390-2.mpd	198	medium
30054-1.mpd	51	simple
10283-1.mpd	3032	complex
6356-1.mpd	184	medium
6851-1.mpd	51	simple
41624-1.mpd	109	medium
75317-1.mpd	315	medium
1969-1.mpd	49	simple
10243-1.mpd	2393	complex
8666-1_Combination-with-8661.mpd	91	medium
31199-1_Ultimate.mpd	7517	complex
40290-1_Castle.mpd	130	medium
4010-1.mpd	170	medium
3219-1.mpd	12	simple
3674-1.mpd	462	complex
8656-1.mpd	48	simple
4484-1.mpd	71	medium
6743-1.mpd	166	medium
31031-1.mpd	207	medium
30028-1.mpd	26	simple
10182-1.mpd	2183	complex
6527-1.mpd	47	simple
1633-1.mpd	25	simple
6834-1.mpd	67	medium
8202-1.mpd	358	medium
8825-1.mpd	111	medium
3654-1.mpd	35	simple
1831-1.mpd	194	medium
4956-1_Small-Houses.mpd	514	complex
42022-1.mpd	419	medium
5867-1.mpd	284	medium
3715-1.mpd	19	simple
1682-1.mpd	1317	complex
41604-1.mpd	106	medium
4205-1.mpd	425	complex
60067-1.mpd	488	complex
6562-1.mpd	285	medium
3179-1.mpd	131	medium
7222-1_Airplane.mpd	17	simple
2846-1.mpd	37	simple
31040-1_Quad.mpd	81	medium
6392-1.mpd	555	complex
9397-1_Snowplow.mpd	1480	complex
6626-1.mpd	37	simple
1211-2_Alternate-model.mpd	99	medium
31088-1_Whale.mpd	155	medium
4917-1_Pliers.mpd	79	medium
30542-1_Koala.mpd	46	simple
6663-1.mpd	92	medium
733-1_Semi-Truck.mpd	291	medium
6706-1.mpd	64	simple
31199-1_Mark-III.mpd	2643	complex
6352-1.mpd	157	medium
7743-1.mpd	557	complex
21032-1.mpd	348	medium
6747-1_Chopper.mpd	246	medium
30090-1.mpd	34	simple
8273-1.mpd	4089	complex
4896-1_4WD.mpd	641	complex
606-1.mpd	35	simple
6799-1_Carriage.mpd	88	medium
40335-1.mpd	167	medium
40181-1.mpd	140	medium
6442-1.mpd	165	medium
31028-1.mpd	54	simple
5771-1.mpd	709	complex
6810-1.mpd	55	simple
8527-1_Tri-bot.mpd	1260	complex
4778-1.mpd	175	medium
6895-1.mpd	181	medium
30050-1.mpd	60	simple
42102-1.mpd	354	medium
40354-1.mpd	219	medium
6482-1.mpd	223	medium
40274-1.mpd	375	medium
41599-1.mpd	145	medium
4019-1.mpd	17	simple
722-1_Factory-and-Truck.mpd	247	medium
42026-1.mpd	147	medium
40148-1.mpd	91	medium
7810-1.mpd	102	medium
6376-1.mpd	227	medium
8186-1.mpd	759	complex
7602-1.mpd	47	simple
41620-1.mpd	129	medium
8054-1_Model-C.mpd	158	medium
4494-1.mpd	89	medium
1974-4.mpd	48	simple
40191-1.mpd	44	simple
7834-1.mpd	106	medium
891-1.mpd	48	simple
6503-1.mpd	40	simple
30194-1.mpd	33	simple
7991-1.mpd	218	medium
396-1.mpd	434	complex
4096-1_Cement-Mixer.mpd	25	simple
6602-1.mpd	29	simple
3670-1.mpd	572	complex
41505-1.mpd	165	medium
21016-1.mpd	325	medium
6647-1.mpd	57	simple
9391-1_Bulldozer.mpd	173	medium
10183-1_Passenger-car.mpd	354	medium
9392-1_Buggy.mpd	165	medium
4956-1_House-with-Arch.mpd	618	complex
6929-1.mpd	251	medium
42043-1.mpd	7187	complex
3184-1.mpd	344	medium
4549-1.mpd	457	complex
42006-1.mpd	779	complex
7110-1.mpd	64	simple
41071-1.mpd	126	medium
8844-1.mpd	317	medium
8304-1.mpd	44	simple
8160-1.mpd	376	medium
9396-1_Twin-Rotor-Helicopter.mpd	886	complex
6991-1.mpd	726	complex
8020-1_Jeep.mpd	94	medium
8416-1.mpd	813	complex
75968-1.mpd	777	complex
5866-1_Speed-Boat.mpd	119	medium
30033-1.mpd	41	simple
7685-1.mpd	363	medium
6030-1.mpd	98	medium
41181-1.mpd	216	medium
604-2.mpd	28	simple
21029-1.mpd	760	complex
6953-1.mpd	254	medium
4888-1_Quick-Build---A.mpd	42	simple
10183-1_Diesel-electric-American-locomotive-3.mpd	362	medium
1069-1.mpd	30	simple
4883-1.mpd	125	medium
10224-1.mpd	2634	complex
4993-1_Truck.mpd	637	complex
8192-1_Combination-with-8194.mpd	80	medium
4096-1_QB-Truck.mpd	21	simple
622-1.mpd	33	simple
5891-1_Small-House.mpd	388	medium
30210-1.mpd	39	simple
8416-1_Tractor.mpd	563	complex
3740-1_Model-B.mpd	124	medium
10295-1_911-Turbo.mpd	1889	complex
31049-1.mpd	523	complex
8261-1.mpd	203	medium
6812-1.mpd	36	simple
6678-1.mpd	74	medium
40193-1.mpd	48	simple
620-1.mpd	42	simple
8880-1_F1-Racer.mpd	1038	complex
8022-1_Plane.mpd	91	medium
3669-1.mpd	142	medium
31031-1_Fish.mpd	100	medium
76161-1.mpd	2383	complex
42053-1.mpd	3369	complex
6374-1.mpd	284	medium
4002-1.mpd	64	simple
10017-1.mpd	201	medium
8841-1_Combination-with-8700.mpd	3116	complex
6687-1.mpd	93	medium
42081-1.mpd	1748	complex
3637-1.mpd	233	medium
9092-1.mpd	83	medium
30052-1.mpd	51	simple
8032-1_Tow-Truck.mpd	220	medium
6981-1.mpd	243	medium
6685-1.mpd	342	medium
20006-1.mpd	68	medium
6480-1.mpd	169	medium
6556-1.mpd	93	medium
42124-1.mpd	2312	complex
21006-1.mpd	441	complex
311-1.mpd	123	medium
6349-1.mpd	216	medium
4883-1_Experienced-Build-Truck.mpd	106	medium
1621-1.mpd	116	medium
850-1_Grader.mpd	175	medium
42083-1.mpd	4382	complex
4558-1_B-Model-from-Instruction.mpd	724	complex
1972-1.mpd	222	medium
10278-1.mpd	3131	complex
6331-1.mpd	184	medium
10226-1.mpd	1220	complex
148-1.mpd	366	medium
5533-1.mpd	394	medium
10184-1.mpd	2084	complex
6600-1.mpd	30	simple
8259-1_Excavator.mpd	107	medium
3186-1.mpd	495	complex
6765-1.mpd	444	complex
4533-1.mpd	69	medium
6645-1.mpd	131	medium
6544-1.mpd	363	medium
21043-1.mpd	611	complex
21014-1.mpd	666	complex
1478-1.mpd	44	simple
7269-1.mpd	37	simple
8838-1_Trike.mpd	381	medium
3942-1.mpd	288	medium
9393-1.mpd	361	medium
40425-1.mpd	168	medium
4993-1_Front-Loader.mpd	377	medium
6939-1.mpd	230	medium
3938-1.mpd	87	medium
8643-1_Combination-with-8644.mpd	61	simple
42004-1.mpd	254	medium
8272-1_Bulldozer.mpd	312	medium
6612-1.mpd	34	simple
41073-1.mpd	396	medium
41606-1.mpd	117	medium
8850-1_B-Model.mpd	309	medium
6951-1.mpd	335	medium
21051-1.mpd	525	complex
4883-1_Experienced-Build-Car-with-Trailer.mpd	78	medium
42041-1.mpd	663	complex
6389-1.mpd	595	complex
1096-1.mpd	31	simple
8020-1_Van.mpd	108	medium
20014-1.mpd	70	medium
5985-1.mpd	561	complex
6501-1.mpd	38	simple
40290-1_Brick-stand.mpd	9	simple
42121-1_Tracked-Tractor.mpd	1232	complex
6624-1.mpd	51	simple
42039-1.mpd	1355	complex
8074-1_Road-Grader.mpd	269	medium
851-1.mpd	377	medium
8125-1.mpd	165	medium
6350-1.mpd	171	medium
6661-1.mpd	91	medium
8032-1_Cabrio.mpd	215	medium
42065-1.mpd	1024	complex
4939-1_Truck.mpd	200	medium
6525-1.mpd	57	simple
8663-1_Combination-with-8664.mpd	75	medium
6657-1.mpd	171	medium
5865-1.mpd	61	simple
31049-1_Single-Engine-Airplane.mpd	133	medium
6208-1.mpd	457	complex
75055-1.mpd	1438	complex
21030-1.mpd	906	complex
8825-1_Air-Plane.mpd	81	medium
6781-1.mpd	257	medium
41486-1.mpd	240	medium
30285-1.mpd	113	medium
10183-1_Diesel-electric-American-locomotive-2.mpd	432	complex
40012-1.mpd	19	simple
31313-1_Spike3r.mpd	3339	complex
10179-1.mpd	4545	complex
40396-1.mpd	53	simple
3792-1.mpd	197	medium
10261-1.mpd	4399	complex
8815-1_120270---Racer.mpd	324	medium
8862-1.mpd	671	complex
6932-1.mpd	381	medium
8054-1_Model-A.mpd	95	medium
1714-1.mpd	35	simple
4915-1.mpd	68	medium
8245-1.mpd	1192	complex
42105-1_Race-Power-Boat.mpd	559	complex
6514-1.mpd	44	simple
31092-1.mpd	120	medium
75010-1.mpd	94	medium
41613-1.mpd	161	medium
1489-1.mpd	187	medium
42020-1.mpd	152	medium
7235-1.mpd	30	simple
30026-1.mpd	63	simple
10183-1_Diesel-electric-German-locomotive.mpd	303	medium
7180-1.mpd	382	medium
7866-1.mpd	203	medium
8658-1.mpd	32	simple
8099-1.mpd	425	complex
21018-1.mpd	497	complex
8419-1_Dozer.mpd	277	medium
7270-1.mpd	28	simple
3683-1.mpd	734	complex
6286-1.mpd	3508	complex
10183-1_Caboose.mpd	271	medium
21001-1.mpd	69	medium
4953-1_Overcraft.mpd	218	medium
77904-1.mpd	511	complex
7735-1.mpd	563	complex
886-1.mpd	28	simple
30472-1.mpd	48	simple
8148-1.mpd	45	simple
8285-1.mpd	2736	complex
10183-1_Flatcar-with-Truck.mpd	216	medium
31028-1_Sailboat.mpd	37	simple
6770-1.mpd	127	medium
8665-1.mpd	53	simple
1680-1.mpd	88	medium
31063-1.mpd	354	medium
7741-1.mpd	101	medium
75893-1.mpd	501	complex
604-1.mpd	31	simple
7121-1.mpd	81	medium
6235-1.mpd	33	simple
7823-1.mpd	482	complex
10175-1.mpd	894	complex
21307-1.mpd	965	complex
75966-1.mpd	167	medium
6897-1.mpd	166	medium
6927-1.mpd	194	medium
7612-1.mpd	37	simple
6440-1.mpd	168	medium
5521-1.mpd	400	medium
4939-1_Formula-1.mpd	136	medium
6649-1.mpd	74	medium
8273-1_Utility-Cargo-Truck.mpd	4168	complex
8289-1.mpd	1004	complex
8130-1.mpd	42	simple
7657-1.mpd	290	medium
4883-1_Quick-Build-Car-4.mpd	50	simple
21319-1.mpd	1204	complex
4886-1_Quick-Build.mpd	201	medium
42022-1_Rally-Racer.mpd	382	medium
40183-1.mpd	187	medium
4563-1.mpd	625	complex
6364-1.mpd	151	medium
555-2_Car.mpd	36	simple
4486-1.mpd	69	medium
555-2_Elephant.mpd	36	simple
8274-1.mpd	1243	complex
1631-1.mpd	24	simple
42058-1.mpd	185	medium
42131-1.mpd	8650	complex
9394-1.mpd	588	complex
4949-1.mpd	25	simple
41512-1.mpd	116	medium
6911-1_Rescue-Helicopter.mpd	42	simple
9095-1.mpd	85	medium
6650-1.mpd	53	simple
4017-1.mpd	13	simple
8151-1_Combination-with-8148.mpd	92	medium
42100-1.mpd	8655	complex
6615-1.mpd	83	medium
40367-1.mpd	162	medium
6986-1.mpd	600	complex
6361-1.mpd	175	medium
1490-1.mpd	207	medium
2542-1.mpd	27	simple
8832-1.mpd	242	medium
42109-1.mpd	1475	complex
6529-1.mpd	50	simple
42094-1.mpd	1490	complex
8641-1.mpd	54	simple
7903-1.mpd	270	medium
6690-1.mpd	120	medium
2132-1.mpd	11	simple
8135-1.mpd	540	complex
42054-1.mpd	2554	complex
41616-1.mpd	130	medium
5974-1.mpd	929	complex
1887-1.mpd	41	simple
7140-1.mpd	352	medium
6399-1.mpd	805	complex
261-1.mpd	265	medium
744-1_Mobile-Base.mpd	191	medium
75144-1.mpd	1964	complex
42069-1.mpd	3257	complex
8641-1_Combination-with-8642.mpd	72	medium
5766-1.mpd	357	medium
41999-1.mpd	1571	complex
6745-1_Harrier-Jet.mpd	186	medium
30023-1.mpd	26	simple
6628-1.mpd	41	simple
17101-1_Vernie.mpd	1871	complex
555-2_Helicopter.mpd	63	simple
6378-1.mpd	353	medium
8081-1_Hot-Rod.mpd	478	complex
3667-1.mpd	73	medium
41637-1.mpd	150	medium
3934-1.mpd	212	medium
6842-1.mpd	54	simple
6674-1.mpd	101	medium
8151-1.mpd	52	simple
6631-1.mpd	60	simple
7410-1.mpd	164	medium
165-1.mpd	291	medium
367-1.mpd	436	complex
926-1.mpd	212	medium
7222-1.mpd	25	simple
6742-1_Heavy-Forklift.mpd	60	simple
4547-1.mpd	347	medium
341-2.mpd	133	medium
41493-1.mpd	183	medium
31009-1_Windmill.mpd	238	medium
7631-1.mpd	195	medium
4917-1.mpd	78	medium
8028-1.mpd	33	simple
6769-1.mpd	795	complex
41491-1.mpd	226	medium
21107-1.mpd	426	complex
7610-1.mpd	18	simple
6633-1.mpd	54	simple
5764-1.mpd	152	medium
41040-1.mpd	67	medium
6880-1.mpd	96	medium
8848-1.mpd	414	medium
8303-1_Combination-with-8302.mpd	74	medium
9391-1.mpd	899	complex
6983-1.mpd	385	medium
31063-1_Beachside-Shop.mpd	269	medium
6676-1.mpd	115	medium
20004-1.mpd	92	medium
42020-1_Single-Rotor-Helicopter.mpd	131	medium
42070-1.mpd	3189	complex
31045-1.mpd	254	medium
6511-1.mpd	46	simple
10129-1.mpd	1323	complex
30259-1.mpd	70	medium
21004-1.mpd	179	medium
10183-1_Switcher-2.mpd	199	medium
358-1.mpd	287	medium
8681-1.mpd	638	complex
6532-1.mpd	59	simple
21027-1.mpd	290	medium
42035-1.mpd	542	complex
42072-1.mpd	141	medium
7796-1.mpd	56	simple
4955-1_Car.mpd	417	medium
8820-1_Dune-Buggy.mpd	158	medium
6689-1.mpd	74	medium
42115-1.mpd	4267	complex
10252-1.mpd	1301	complex
4883-1_Quick-Build-Car-5.mpd	53	simple
7347-1.mpd	839	complex
6747-1_Dragster.mpd	199	medium
2148-1.mpd	113	medium
6530-1.mpd	51	simple
8643-1.mpd	46	simple
21041-1.mpd	537	complex
6805-1.mpd	39	simple
42037-1.mpd	688	complex
7221-1_Robot-2.mpd	23	simple
4896-1_Dragstar.mpd	280	medium
2130-1.mpd	8	simple
10036-1.mpd	171	medium
42116-1_Hot-Rod.mpd	588	complex
613-1.mpd	18	simple
430-1.mpd	18	simple
8217-1.mpd	63	simple
8193-1.mpd	50	simple
41608-1.mpd	147	medium
6553-1.mpd	165	medium
5864-1_Helicopter.mpd	52	simple
6473-1.mpd	302	medium
6984-1.mpd	427	complex
75181-1.mpd	1977	complex
6516-1.mpd	47	simple
8062-1_Truck-with-Motorbike.mpd	397	medium
10233-1.mpd	1447	complex
8121-1_Combination-with-8120.mpd	82	medium
3936-1.mpd	102	medium
8830-1.mpd	215	medium
6925-1.mpd	216	medium
21046-1.mpd	1176	complex
40448-1.mpd	205	medium
4404-1.mpd	763	complex
8830-1_Race-Car.mpd	187	medium
3681-1.mpd	783	complex
7737-1.mpd	140	medium
6279-1.mpd	835	complex
10022-1_Sleeping-Car.mpd	351	medium
10276-1.mpd	5433	complex
4896-1.mpd	925	complex
365-1.mpd	1119	complex
3188-1.mpd	731	complex
8448-1.mpd	1331	complex
21003-1.mpd	713	complex
4096-1_Tractor-and-Trailer.mpd	61	simple
40144-1.mpd	165	medium
10015-1.mpd	183	medium
41488-1.mpd	92	medium
8418-1.mpd	72	medium
41595-1.mpd	138	medium
6825-1.mpd	161	medium
1775-1.mpd	187	medium
5972-1.mpd	292	medium
8195-1_Combination-with-8193.mpd	79	medium
4883-1_Advanced-Build-Truck-and-Trailer.mpd	199	medium
4310-1.mpd	25	simple
6696-1.mpd	115	medium
75980-1.mpd	1115	complex
6901-1.mpd	167	medium
361-2.mpd	87	medium
21039-1.mpd	647	complex
6692-1.mpd	99	medium
8851-1.mpd	1328	complex
8062-1_Rower.mpd	230	medium
4937-1.mpd	47	simple
60017-1.mpd	227	medium
5934-1.mpd	151	medium
6062-1.mpd	285	medium
8841-1_Tractor.mpd	415	medium
40138-1.mpd	233	medium
30201-1.mpd	50	simple
7821-1.mpd	94	medium
1572-1.mpd	87	medium
31048-1_Observatory.mpd	235	medium
8132-1.mpd	41	simple
166-1.mpd	55	simple
6821-1.mpd	41	simple
31066-1_Space-Base.mpd	288	medium
3798-1.mpd	84	medium
41615-1.mpd	187	medium
30024-1.mpd	57	simple
8012-1.mpd	4490	complex
4439-1.mpd	398	medium
3741-1_Model-B.mpd	166	medium
4485-1.mpd	69	medium
4015-1.mpd	190	medium
41611-1.mpd	245	medium
1632-1.mpd	29	simple
6363-1.mpd	153	medium
7326-1.mpd	524	complex
3641-1.mpd	249	medium
3501-1.mpd	27	simple
30100-1.mpd	33	simple
4349-1_Bird.mpd	33	simple
918-1.mpd	95	medium
40180-1.mpd	165	medium
8663-1.mpd	42	simple
2584-1.mpd	23	simple
6597-1.mpd	944	complex
8272-1.mpd	702	complex
7733-1.mpd	381	medium
31025-1_Mountaintop-Lockout.mpd	382	medium
4954-1_School.mpd	830	complex
5892-1.mpd	533	complex
3678-1.mpd	158	medium
41903-1.mpd	170	medium
9396-1.mpd	1515	complex
42043-1_Flatbed-Trailer.mpd	6928	complex
8032-1_Gymnast.mpd	101	medium
6652-1.mpd	55	simple
4883-1_Quick-Build-Car-2.mpd	55	simple
9093-1.mpd	85	medium
42101-1_Race-Car.mpd	165	medium
1793-1.mpd	401	medium
41591-1.mpd	207	medium
10272-1.mpd	3522	complex
21302-1.mpd	477	complex
3704-1.mpd	10	simple
30161-1.mpd	45	simple
8197-1.mpd	150	medium
10016-1.mpd	113	medium
4558-1.mpd	872	complex
42033-1.mpd	124	medium
722-1_Boat-Trailer.mpd	210	medium
42029-1.mpd	1193	complex
31027-1_Snow-Groomer.mpd	55	simple
6964-1.mpd	28	simple
5971-1.mpd	197	medium
1496-1.mpd	60	simple
4348-1_Space-Ship.mpd	26	simple
4541-1.mpd	142	medium
6695-1.mpd	115	medium
6668-1.mpd	114	medium
8855-1.mpd	702	complex
7637-1.mpd	668	complex
42096-1.mpd	2078	complex
1517-1.mpd	40	simple
42113-1.mpd	3006	complex
6980-1.mpd	483	complex
6512-1.mpd	45	simple
8256-1.mpd	146	medium
40378-1.mpd	219	medium
42092-1.mpd	714	complex
10183-1_Flatcar-with-container.mpd	118	medium
3624-1.mpd	63	simple
6801-1.mpd	30	simple
7347-1_Truck.mpd	627	complex
7306-1.mpd	87	medium
8815-1_Road-Roller.mpd	109	medium
566-1_Elephant.mpd	35	simple
8132-1_Combination-with-8133.mpd	88	medium
4956-1.mpd	631	complex
21042-1.mpd	1188	complex
3405-1.mpd	173	medium
21007-1.mpd	247	medium
41588-1.mpd	241	medium
1773-1.mpd	114	medium
7801-1.mpd	42	simple
10197-1.mpd	2358	complex
4539-1.mpd	120	medium
8856-1.mpd	1460	complex
9392-1.mpd	199	medium
6656-1.mpd	61	simple
30284-1.mpd	53	simple
6844-1.mpd	55	simple
6536-1.mpd	56	simple
10183-1_Tram-2.mpd	297	medium
6613-1.mpd	32	simple
30103-1.mpd	37	simple
8810-1.mpd	84	medium
4883-1_Quick-Build-Quad.mpd	53	simple
7613-1.mpd	35	simple
4565-1.mpd	717	complex
8855-1_Space-Shuttle.mpd	509	complex
21311-1_Lions.mpd	2212	complex
42056-1.mpd	3260	complex
4955-1_Cart.mpd	300	medium
30181-1.mpd	52	simple
70816-1.mpd	1453	complex
21023-1.mpd	483	complex
5864-1_Boat.mpd	42	simple
8655-1_Combination-with-8658.mpd	82	medium
6594-1.mpd	138	medium
6066-1.mpd	260	medium
4883-1_Quick-Build-Car-3.mpd	33	simple
5891-1.mpd	540	complex
42052-1.mpd	1802	complex
8032-1.mpd	70	medium
31072-1_Speedboat.mpd	61	simple
7730-1.mpd	387	medium
8856-1_Hovercraft.mpd	533	complex
8448-1_Wing-Doors.mpd	1432	complex
31027-1_Kart.mpd	42	simple
6959-1.mpd	516	complex
6509-1.mpd	46	simple
1472-1.mpd	376	medium
8868-1.mpd	3319	complex
7715-1.mpd	372	medium
40412-1.mpd	285	medium
42076-1.mpd	1150	complex
7608-1.mpd	28	simple
40457-1.mpd	151	medium
8527-1_QuickDraw-Tri-bot.mpd	1210	complex
10030-1.mpd	2450	complex
544-1_Truck.mpd	45	simple
2134-1.mpd	11	simple
30572-1.mpd	69	medium
7750-1.mpd	975	complex
3930-1.mpd	55	simple
3315-1.mpd	949	complex
6381-1.mpd	247	medium
6571-1.mpd	503	complex
10271-1.mpd	1076	complex
7453-1.mpd	27	simple
8527-1_Tri-bot-Base.mpd	1287	complex
3932-1.mpd	135	medium
4883-1_Experienced-Build-Tractor.mpd	108	medium
6534-1.mpd	51	simple
6879-1.mpd	99	medium
4309-1.mpd	32	simple
41592-1.mpd	143	medium
20021-1.mpd	82	medium
40199-1.mpd	279	medium
40143-1.mpd	235	medium
6923-1.mpd	311	medium
6884-1.mpd	129	medium
8836-1.mpd	292	medium
6966-1.mpd	43	simple
744-1_Windmill.mpd	301	medium
6742-1_Pickup.mpd	64	simple
21021-1.mpd	546	complex
6416-1.mpd	247	medium
158-1.mpd	9	simple
566-1_Seaplane.mpd	34	simple
10213-1.mpd	1240	complex
5762-1_Plane.mpd	52	simple
60216-1.mpd	3615	complex
31037-1_Helicopter.mpd	225	medium
3442-1.mpd	112	medium
4911-1.mpd	38	simple
10256-1.mpd	2360	complex
8289-1_Tow-Truck.mpd	671	complex
41497-1.mpd	525	complex
4915-1_Fork-Lift.mpd	52	simple
6608-1.mpd	25	simple
6670-1.mpd	120	medium
4954-1.mpd	1177	complex
31039-1.mpd	664	complex
42049-1.mpd	730	complex
4543-1.mpd	186	medium
6886-1.mpd	155	medium
4883-1_Quick-Build-Car-1.mpd	57	simple
8211-1.mpd	553	complex
4837-1_Train.mpd	57	simple
6451-1.mpd	173	medium
8194-1_Combination-with-8192.mpd	80	medium
8209-1.mpd	54	simple
1528-1.mpd	36	simple
8022-1_Robot.mpd	101	medium
42050-1.mpd	1130	complex
6339-1.mpd	1793	complex
7803-1.mpd	39	simple
6431-1.mpd	56	simple
70814-1.mpd	959	complex
6080-1.mpd	872	complex
7278-1.mpd	7	simple
6414-1.mpd	228	medium
7635-1.mpd	192	medium
10170-1.mpd	250	medium
8195-1.mpd	44	simple
10014-1.mpd	171	medium
4037-1.mpd	9	simple
6790-1.mpd	28	simple
6040-1.mpd	104	medium
40182-1.mpd	176	medium
555-2_Windmill.mpd	96	medium
30022-1.mpd	25	simple
8270-1.mpd	115	medium
6862-1.mpd	386	medium
3602-1.mpd	32	simple
31199-1_Hulkbuster-Mark-I.mpd	2643	complex
10269-1.mpd	1370	complex
42071-1_Articulated-Truck.mpd	188	medium
6827-1.mpd	53	simple
7219-1.mpd	34	simple
733-1_Factory-and-Truck.mpd	365	medium
107-2.mpd	148	medium
121-1.mpd	55	simple
8464-1.mpd	596	complex
544-1_Airplane.mpd	20	simple
6743-1_SpeedCar.mpd	132	medium
4487-1.mpd	51	simple
42031-1.mpd	163	medium
6365-1.mpd	157	medium
5969-1.mpd	33	simple
60054-1.mpd	105	medium
42108-1.mpd	3759	complex
8134-1.mpd	270	medium
8656-1_Combination-with-8657.mpd	80	medium
7161-1.mpd	483	complex
75060-1.mpd	2057	complex
3742-1.mpd	65	medium
10294-1.mpd	8632	complex
42111-1.mpd	1283	complex
8110-1.mpd	4341	complex
164-1.mpd	107	medium
40142-1.mpd	181	medium
8841-1_Balance.mpd	63	simple
6967-1.mpd	44	simple
8661-1.mpd	44	simple
6694-1.mpd	126	medium
41617-1.mpd	132	medium
6021-1.mpd	50	simple
40436-1.mpd	141	medium
5935-1.mpd	191	medium
42074-1.mpd	534	complex
8208-1.mpd	56	simple
8665-1_Combination-with-8662.mpd	94	medium
8029-1.mpd	66	medium
31066-1_Shuttle.mpd	411	medium
42023-1_Excavator.mpd	261	medium
7611-1.mpd	36	simple
3707-1.mpd	10	simple
5970-1.mpd	70	medium
6398-1.mpd	771	complex
8841-1_Chassis.mpd	63	simple
6430-1.mpd	152	medium
10183-1_Modern-urban-electric-locomotive.mpd	369	medium
7245-1.mpd	107	medium
4096-1_Truck-and-Trailer.mpd	120	medium
6609-1.mpd	22	simple
689-1.mpd	53	simple
345-1.mpd	159	medium
8657-1_Combination-with-8656.mpd	80	medium
6245-1.mpd	77	medium
40386-1.mpd	117	medium
31203-1.mpd	10953	complex
10134-1.mpd	959	complex
6741-1_Jet.mpd	64	simple
7609-1.mpd	28	simple
6346-1.mpd	561	complex
6669-1.mpd	100	medium
31045-1_Aircraft.mpd	141	medium
7942-1.mpd	139	medium
1656-1.mpd	265	medium
8031-1.mpd	71	medium
7101-1.mpd	70	medium
8074-1_Mini-Loader.mpd	301	medium
30300-1.mpd	58	simple
31025-1.mpd	543	complex
6534-1_B-Model.mpd	50	simple
30102-1.mpd	29	simple
8133-1.mpd	51	simple
3784-1.mpd	13	simple
6059-1.mpd	289	medium
4953-1.mpd	310	medium
6533-1.mpd	72	medium
42048-1.mpd	481	complex
4883-1_Experienced-Build-Car-2.mpd	68	medium
75878-1.mpd	321	medium
7731-1.mpd	74	medium
8835-1_Farm-Tractor.mpd	164	medium
346-2.mpd	167	medium
41593-1.mpd	111	medium
21000-2.mpd	69	medium
8841-1_Buggy.mpd	108	medium
7839-1.mpd	363	medium
40428-1.mpd	175	medium
4955-1.mpd	558	complex
8642-1.mpd	43	simple
40380-1.mpd	190	medium
21026-1.mpd	210	medium
10270-1.mpd	3125	complex
7223-1_Truck.mpd	34	simple
10315-1.mpd	1276	complex
6508-1.mpd	42	simple
40456-1.mpd	121	medium
3701-1.mpd	53	simple
40413-1.mpd	395	medium
1477-1.mpd	46	simple
9390-1.mpd	528	complex
410-1.mpd	28	simple
31199-1_Mark-LXXXV.mpd	2643	complex
347-3.mpd	354	medium
6285-1.mpd	3626	complex
6611-1.mpd	31	simple
31084-1.mpd	1425	complex
21005-1.mpd	799	complex
5765-1.mpd	267	medium
3937-1.mpd	74	medium
3659-1.mpd	33	simple
5893-1_Truck.mpd	869	complex
6386-1.mpd	507	complex
42116-1.mpd	636	complex
612-1.mpd	23	simple
41609-1.mpd	149	medium
8192-1.mpd	44	simple
6712-1.mpd	42	simple
10025-1_Baggage-Car.mpd	263	medium
10253-1.mpd	3134	complex
5533-1_Tractor-Pulling.mpd	374	medium
2149-1.mpd	174	medium
4544-1.mpd	163	medium
8152-1.mpd	280	medium
42110-1.mpd	3829	complex
31045-1_Submarine.mpd	141	medium
8661-1_Combination-with-8666.mpd	91	medium
4993-1.mpd	653	complex
6632-1.mpd	54	simple
41634-1.mpd	115	medium
1557-1.mpd	36	simple
8194-1.mpd	47	simple
6841-1.mpd	53	simple
5763-1.mpd	132	medium
8849-1.mpd	506	complex
10022-1_Observation-Car.mpd	325	medium
1591-1.mpd	41	simple
6677-1.mpd	208	medium
7632-1.mpd	585	complex
6450-1.mpd	90	medium
42036-1.mpd	470	complex
6887-1.mpd	112	medium
10037-1.mpd	227	medium
6415-1.mpd	26	simple
42073-1.mpd	145	medium
6648-2.mpd	56	simple
8644-1.mpd	36	simple
8256-1_Lawn-Mover.mpd	119	medium
6753-1_Tow-Truck.mpd	1152	complex
10230-1.mpd	1463	complex
8850-1.mpd	356	medium
10013-1.mpd	136	medium
41490-1.mpd	198	medium
8664-1.mpd	55	simple
6517-1.mpd	38	simple
8169-1.mpd	876	complex
744-1_Mobile-Crane.mpd	325	medium
2541-1.mpd	30	simple
6629-1.mpd	47	simple
1792-1.mpd	68	medium
6552-1.mpd	250	medium
6898-1.mpd	158	medium
6380-1.mpd	339	medium
3931-1.mpd	50	simple
6911-1_Ladder-Truck.mpd	69	medium
21002-1.mpd	79	medium
21303-1.mpd	770	complex
3605-1.mpd	2	simple
885-1.mpd	28	simple
3189-1.mpd	791	complex
30025-1.mpd	60	simple
8828-1.mpd	190	medium
8448-1_Racer.mpd	1127	complex
7736-1.mpd	41	simple
126-1.mpd	60	simple
950-1_Lift.mpd	133	medium
722-1_Helicopter.mpd	114	medium
6362-1.mpd	142	medium
10176-1.mpd	966	complex
42095-1.mpd	704	complex
6919-1.mpd	461	complex
7327-1.mpd	884	complex
10133-1.mpd	422	complex
31038-1_Automn.mpd	388	medium
7141-1.mpd	187	medium
8820-1_120270---Racer.mpd	324	medium
5762-1_Twin-Tail-Prop.mpd	41	simple
21047-1.mpd	596	complex
31009-1_Skaters-House.mpd	226	medium
7902-1.mpd	74	medium
42057-1.mpd	444	complex
3718-1.mpd	14	simple
40433-1.mpd	371	medium
4525-1.mpd	87	medium
8302-1_Combination-with-8303.mpd	74	medium
6653-1.mpd	66	medium
4208-1.mpd	279	medium
4096-1_Roadster-2.mpd	34	simple
40431-1.mpd	174	medium
42042-1_Tower-Crane.mpd	2360	complex
8658-1_Combination-with-8655.mpd	82	medium
10265-1_B-Model.mpd	1981	complex
8815-1.mpd	136	medium
6693-1.mpd	134	medium
6592-1.mpd	130	medium
7242-1.mpd	127	medium
30105-1.mpd	44	simple
4883-1_Advanced-Build-Forklift.mpd	107	medium
41594-1.mpd	146	medium
6472-1.mpd	829	complex
8666-1.mpd	60	simple
4096-1_4WD.mpd	45	simple
75102-1.mpd	940	complex
8020-1_Windmill.mpd	58	simple
7106-1.mpd	58	simple
42055-1.mpd	4385	complex
42068-1.mpd	1400	complex
4948-1.mpd	23	simple
6691-1.mpd	116	medium
6614-1.mpd	130	medium
7822-1.mpd	399	medium
31092-1_Glider-Plane.mpd	50	simple
6822-1.mpd	48	simple
6651-1.mpd	55	simple
9094-1.mpd	86	medium
31039-1_Helicopter.mpd	457	complex
31027-1.mpd	65	medium
10025-1_Mail-Car.mpd	301	medium
4096-1_Roadster-1.mpd	39	simple
9395-1.mpd	1513	complex
6061-1.mpd	351	medium
8131-1.mpd	51	simple
2150-1.mpd	617	complex
41612-1.mpd	166	medium
30283-1.mpd	105	medium
10277-1.mpd	1197	complex
6709-1.mpd	21	simple
6550-1.mpd	56	simple
10248-1.mpd	1243	complex
4883-1_Experienced-Build-Car-1.mpd	94	medium
21000-1.mpd	69	medium
6742-1_Tractor.mpd	58	simple
30027-1.mpd	68	medium
21325-1.mpd	2131	complex
8400-1.mpd	12	simple
8275-1.mpd	3021	complex
7325-1.mpd	206	medium
3682-1.mpd	785	complex
10183-1_German-Standard-Electric-Locomotive.mpd	317	medium
8150-1.mpd	55	simple
7630-1.mpd	115	medium
7181-1.mpd	485	complex
42034-1.mpd	154	medium
6360-1.mpd	120	medium
21045-1.mpd	1190	complex
6515-1.mpd	44	simple
4016-1.mpd	19	simple
3223-1_Turtle.mpd	17	simple
8022-1_Racecar.mpd	100	medium
4886-1_Experienced-Build.mpd	357	medium
10190-1.mpd	1473	complex
6325-1.mpd	30	simple
42071-1.mpd	176	medium
6987-1.mpd	778	complex
10174-1.mpd	1329	complex
31063-1_Boatside-Harbor.mpd	236	medium
42129-1.mpd	4919	complex
4404-1_Dragster.mpd	352	medium
8062-1_Smale-Vehicle.mpd	136	medium
5766-1_Twin-House.mpd	286	medium
10183-1_Tank-car.mpd	134	medium
6688-1.mpd	80	medium
8149-1.mpd	43	simple
6531-1.mpd	175	medium
6470-1.mpd	33	simple
1731-1.mpd	29	simple
41596-1.mpd	139	medium
262-2.mpd	259	medium
21024-1.mpd	643	complex
544-1_Cow.mpd	19	simple
8150-1_Combination-with-8149.mpd	92	medium
920-2.mpd	571	complex
31092-1_Power-Boat.mpd	76	medium
6648-1.mpd	69	medium
4914-1.mpd	32	simple
10128-1.mpd	319	medium
6344-1.mpd	184	medium
20019-1.mpd	83	medium
41492-1.mpd	198	medium
4991-1.mpd	39	simple
5891-1_Holiday-House.mpd	350	medium
6379-1.mpd	282	medium
8024-1_120270---Racer.mpd	324	medium
8855-1_Combination-with-8700.mpd	4417	complex
3056-1.mpd	31	simple
4546-1.mpd	88	medium
6675-1.mpd	90	medium
6630-1.mpd	42	simple
8826-1_Race-Car.mpd	73	medium
7221-1.mpd	25	simple
1789-1.mpd	365	medium
10251-1.mpd	2745	complex
5767-1.mpd	583	complex
8419-1.mpd	302	medium
610-1.mpd	40	simple
21019-1.mpd	221	medium
6085-1.mpd	945	complex
7755-1.mpd	163	medium
42114-1.mpd	4671	complex
2133-1.mpd	13	simple
10214-1.mpd	1769	complex
41632-1.mpd	221	medium
21318-1.mpd	3116	complex
7802-1.mpd	29	simple
6384-1.mpd	531	complex
10022-1_Dining-Car.mpd	301	medium
6911-1_Rescue-SUV.mpd	61	simple
4838-1_Car.mpd	57	simple
364-1.mpd	2626	complex
8664-1_Combination-with-8663.mpd	75	medium
4883-1_Advanced-Build-Formula-1.mpd	96	medium
7634-1.mpd	85	medium
41496-1.mpd	252	medium
8527-1_Whacker-Tri-bot.mpd	1197	complex
6602-1_Model-B.mpd	26	simple
8154-1.mpd	1018	complex
6428-1.mpd	26	simple
850-1_Lift.mpd	133	medium
3782-1.mpd	12	simple
6634-1.mpd	61	simple
6535-1.mpd	55	simple
3935-1.mpd	95	medium
6755-1.mpd	210	medium
4643-1.mpd	270	medium
10194-1.mpd	1061	complex
435-1.mpd	23	simple
42088-1.mpd	264	medium
1180-1.mpd	30	simple
7218-1.mpd	27	simple
6861-2.mpd	203	medium
5542-1.mpd	791	complex
21020-1.mpd	672	complex
6490-1.mpd	125	medium
21321-1.mpd	854	complex
6041-1.mpd	128	medium
7223-1_Car.mpd	30	simple
3316-1.mpd	267	medium
10295-1.mpd	1792	complex
8049-1.mpd	1888	complex
42075-1.mpd	938	complex
8466-1.mpd	1327	complex
8448-1_Concept-Car.mpd	999	complex
