alias	themes
1/42044-1.1.mpd	Technic
1/42044-1.2.mpd	Technic
1/42044-1.mpd	Technic
10/7325-1.1.mpd	Pharaoh's Quest
10/7325-1.2.mpd	Pharaoh's Quest
10/7325-1.mpd	Pharaoh's Quest
100/894-1.1.mpd	Space / Classic Space
100/894-1.2.mpd	Space / Classic Space
100/894-1.mpd	Space / Classic Space
1000/75060-1.1.mpd	Star Wars / Ultimate Collector Series / Star Wars Episode 4/5/6
1000/75060-1.2.mpd	Star Wars / Ultimate Collector Series / Star Wars Episode 4/5/6
1000/75060-1.mpd	Star Wars / Ultimate Collector Series / Star Wars Episode 4/5/6
101/897-1.1.mpd	Space / Classic Space
101/897-1.2.mpd	Space / Classic Space
101/897-1.mpd	Space / Classic Space
102/918-1.1.mpd	Space / Classic Space
102/918-1.mpd	Space / Classic Space
103/920-2.1.mpd	Space / Classic Space
103/920-2.mpd	Space / Classic Space
1037/42088-1.1.mpd	Technic
1037/42088-1.mpd	Technic
1037/42088-1_Tow-Truck.1.mpd	Technic
1037/42088-1_Tow-Truck.mpd	Technic
104/924-1.1.mpd	Space / Classic Space
104/924-1.mpd	Space / Classic Space
105/42049-1.1.mpd	Technic
105/42049-1.2.mpd	Technic
105/42049-1.mpd	Technic
106/42050-1.1.mpd	Technic
106/42050-1.2.mpd	Technic
106/42050-1.mpd	Technic
107/42052-1.1.mpd	Technic
107/42052-1.2.mpd	Technic
107/42052-1.mpd	Technic
108/7101-1.1.mpd	Star Wars
108/7101-1.2.mpd	Star Wars
108/7101-1.mpd	Star Wars
1086/31072-1.1.mpd	Creator
1086/31072-1.2.mpd	Creator
1086/31072-1.mpd	Creator
1086/31072-1_Hot-Rod.1.mpd	Creator
1086/31072-1_Hot-Rod.2.mpd	Creator
1086/31072-1_Hot-Rod.mpd	Creator
1086/31072-1_Speedboat.1.mpd	Creator
1086/31072-1_Speedboat.2.mpd	Creator
1086/31072-1_Speedboat.mpd	Creator
109/7110-1.1.mpd	Star Wars
109/7110-1.2.mpd	Star Wars
109/7110-1.mpd	Star Wars
110/7111-1.1.mpd	Star Wars
110/7111-1.2.mpd	Star Wars
110/7111-1.mpd	Star Wars
111/7121-1.1.mpd	Star Wars
111/7121-1.mpd	Star Wars
1119/76897-1.1.mpd	Speed Champions
1119/76897-1.mpd	Speed Champions
112/7128-1.1.mpd	Star Wars
112/7128-1.mpd	Star Wars
113/7130-1.1.mpd	Star Wars
113/7130-1.mpd	Star Wars
1136/30572-1.1.mpd	Creator
1136/30572-1.mpd	Creator
1139/31088-1.1.mpd	Creator
1139/31088-1.mpd	Creator
1139/31088-1_Angler-Fish.1.mpd	Creator
1139/31088-1_Angler-Fish.mpd	Creator
1139/31088-1_Squid.1.mpd	Creator
1139/31088-1_Squid.mpd	Creator
1139/31088-1_Whale.1.mpd	Creator
1139/31088-1_Whale.mpd	Creator
114/7131-1.1.mpd	Star Wars
114/7131-1.mpd	Star Wars
1140/31092-1.1.mpd	Creator
1140/31092-1.mpd	Creator
1140/31092-1_Glider-Plane.1.mpd	Creator
1140/31092-1_Glider-Plane.mpd	Creator
1140/31092-1_Power-Boat.1.mpd	Creator
1140/31092-1_Power-Boat.mpd	Creator
1148/10272-1.1.mpd	Creator
1148/10272-1.mpd	Creator
115/7140-1.1.mpd	Star Wars
115/7140-1.mpd	Star Wars
116/7141-1.1.mpd	Star Wars
116/7141-1.mpd	Star Wars
1169/31049-1.1.mpd	Creator
1169/31049-1.mpd	Creator
1169/31049-1_Single-Engine-Airplane.1.mpd	Creator
1169/31049-1_Single-Engine-Airplane.mpd	Creator
1169/31049-1_Snowmobile.1.mpd	Creator
1169/31049-1_Snowmobile.mpd	Creator
117/7150-1.1.mpd	Star Wars
117/7150-1.mpd	Star Wars
1171/374-1.1.mpd	Town
1171/374-1.mpd	Town
1172/377-1.1.mpd	Town
1172/377-1.mpd	Town
1173/601-1.1.mpd	Town
1173/601-1.mpd	Town
1174/604-1.1.mpd	Town
1174/604-1.mpd	Town
1175/606-1.1.mpd	Town
1175/606-1.mpd	Town
1176/620-1.1.mpd	Town
1176/620-1.mpd	Town
1177/621-1.1.mpd	Town
1177/621-1.mpd	Town
1178/622-1.1.mpd	Town
1178/622-1.mpd	Town
1179/623-1.1.mpd	Town
1179/623-1.mpd	Town
118/7161-1.1.mpd	Star Wars, Episode I
118/7161-1.mpd	Star Wars, Episode I
1180/851-1.1.mpd	Technic
1180/851-1.mpd	Technic
1181/852-1.1.mpd	Technic
1181/852-1.mpd	Technic
1189/40396-1.1.mpd	Monthly Model
1189/40396-1.mpd	Monthly Model
119/7667-1.1.mpd	Star Wars, Expanded Universe
119/7667-1.mpd	Star Wars, Expanded Universe
1197/8848-1.1.mpd	Technic
1197/8848-1.mpd	Technic
120/8028-1.1.mpd	Star Wars
120/8028-1.mpd	Star Wars
1204/8859-1.1.mpd	Technic
1204/8859-1.mpd	Technic
1207/5510-1.1.mpd	Model Team
1207/5510-1.mpd	Model Team
1207/5510-1_Tow-Truck.1.mpd	Model Team
1207/5510-1_Tow-Truck.mpd	Model Team
121/8029-1.1.mpd	Star Wars
121/8029-1.mpd	Star Wars
122/8031-1.1.mpd	Star Wars
122/8031-1.mpd	Star Wars
123/8033-1.1.mpd	Star Wars
123/8033-1.mpd	Star Wars
1231/8844-1.1.mpd	Technic
1231/8844-1.mpd	Technic
124/10018-1.1.mpd	Star Wars / Ultimate Collector Series / Sculptures
124/10018-1.mpd	Star Wars / Ultimate Collector Series / Sculptures
125/20009-1.1.mpd	Star Wars
125/20009-1.mpd	Star Wars
126/20019-1.1.mpd	Star Wars / Mini
126/20019-1.mpd	Star Wars / Mini
127/20021-1.1.mpd	Star Wars
127/20021-1.mpd	Star Wars
128/30050-1.1.mpd	Star Wars
128/30050-1.mpd	Star Wars
129/30051-1.1.mpd	Star Wars
129/30051-1.mpd	Star Wars
13/21005-1.1.mpd	Architecture
13/21005-1.mpd	Architecture
130/30052-1.1.mpd	Star Wars
130/30052-1.mpd	Star Wars
131/30053-1.1.mpd	Star Wars
131/30053-1.mpd	Star Wars
1312/3183-1.1.mpd	Friends
1312/3183-1.mpd	Friends
132/30054-1.1.mpd	Star Wars / Mini / Star Wars Episode 4/5/6
132/30054-1.mpd	Star Wars / Mini / Star Wars Episode 4/5/6
133/30055-1.1.mpd	Star Wars / Mini / Star Wars Episode 1
133/30055-1.mpd	Star Wars / Mini / Star Wars Episode 1
1331/30103-1.1.mpd	Friends
1331/30103-1.mpd	Friends
134/4016-1.1.mpd	Creator
134/4016-1.mpd	Creator
135/4017-1.1.mpd	Creator
135/4017-1.mpd	Creator
1358/6361-1.1.mpd	City
1358/6361-1.mpd	City
1359/6594-1.1.mpd	City
1359/6594-1.mpd	City
136/4018-1.1.mpd	Creator
136/4018-1.mpd	Creator
1360/6644-1.1.mpd	City
1360/6644-1.mpd	City
1367/1210-2.1.mpd	Town
1367/1210-2.mpd	Town
1367/1210-2_ALternate-model.1.mpd	Town
1367/1210-2_ALternate-model.mpd	Town
1368/1211-2.1.mpd	Town
1368/1211-2.mpd	Town
1368/1211-2_Alternate-model.1.mpd	Town
1368/1211-2_Alternate-model.mpd	Town
1369/1212-2.1.mpd	Town
1369/1212-2.mpd	Town
137/4019-1.1.mpd	Creator
137/4019-1.mpd	Creator
1370/1213-2.1.mpd	Town
1370/1213-2.mpd	Town
1371/10253-1.1.mpd	Creator
1371/10253-1.mpd	Creator
138/7607-1.1.mpd	Creator
138/7607-1.mpd	Creator
1389/8527-1_Basket-Tri-bot.1.mpd	Mindstorms / NXT
1389/8527-1_Basket-Tri-bot.mpd	Mindstorms / NXT
1389/8527-1_QuickDraw-Tri-bot.1.mpd	Mindstorms / NXT
1389/8527-1_QuickDraw-Tri-bot.mpd	Mindstorms / NXT
1389/8527-1_Tri-bot.1.mpd	Mindstorms / NXT
1389/8527-1_Tri-bot.mpd	Mindstorms / NXT
1389/8527-1_Whacker-Tri-bot.1.mpd	Mindstorms / NXT
1389/8527-1_Whacker-Tri-bot.mpd	Mindstorms / NXT
139/7608-1.1.mpd	Creator
139/7608-1.mpd	Creator
14/21008-1.1.mpd	Architecture
14/21008-1.mpd	Architecture
140/7609-1.1.mpd	Creator
140/7609-1.mpd	Creator
141/7610-1.1.mpd	Creator
141/7610-1.mpd	Creator
142/7796-1.1.mpd	Creator
142/7796-1.mpd	Creator
1434/42115-1.1.mpd	Technic
1434/42115-1.mpd	Technic
145/30181-1.1.mpd	Creator
145/30181-1.mpd	Creator
1450/6991-1.1.mpd	Space / Futuron
1450/6991-1.mpd	Space / Futuron
146/30029-1.1.mpd	Creator
146/30029-1.mpd	Creator
1466/6056-1.1.mpd	Castle / Dragon Knights
1466/6056-1.mpd	Castle / Dragon Knights
1467/6043-1.1.mpd	Castle / Dragon Knights
1467/6043-1.mpd	Castle / Dragon Knights
1468/6516-1.1.mpd	Town / Launch Command
1468/6516-1.mpd	Town / Launch Command
147/3223-1.1.mpd	Creator 
147/3223-1.mpd	Creator 
147/3223-1_Scorpion.1.mpd	Creator 
147/3223-1_Scorpion.mpd	Creator 
147/3223-1_Turtle.1.mpd	Creator 
147/3223-1_Turtle.mpd	Creator 
148/1875-1.1.mpd	Space / Blacktron I
148/1875-1.mpd	Space / Blacktron I
149/6876-1.1.mpd	Space / Blacktron I
149/6876-1.mpd	Space / Blacktron I
15/21009-1.1.mpd	Architecture
15/21009-1.mpd	Architecture
150/6894-1.1.mpd	Space / Blacktron I
150/6894-1.mpd	Space / Blacktron I
151/6941-1.1.mpd	Space / Blacktron I
151/6941-1.mpd	Space / Blacktron I
152/6954-1.1.mpd	Space / Blacktron I
152/6954-1.mpd	Space / Blacktron I
153/6987-1.1.mpd	Space / Blacktron I
153/6987-1.mpd	Space / Blacktron I
154/4037-1.1.mpd	Creator
154/4037-1.mpd	Creator
156/4903-1.1.mpd	Creator
156/4903-1.mpd	Creator
157/4904-1.1.mpd	Creator
157/4904-1.mpd	Creator
158/4905-1.1.mpd	Creator
158/4905-1.mpd	Creator
159/7209-1.1.mpd	Creator
159/7209-1.mpd	Creator
16/21011-1.1.mpd	Architecture
16/21011-1.mpd	Architecture
160/7210-1.1.mpd	Creator
160/7210-1.mpd	Creator
161/7218-1.1.mpd	Creator
161/7218-1.mpd	Creator
162/7219-1.1.mpd	Creator
162/7219-1.mpd	Creator
163/7221-1.1.mpd	Creator
163/7221-1.mpd	Creator
163/7221-1_Robot-2.1.mpd	Creator
163/7221-1_Robot-2.mpd	Creator
164/7222-1.1.mpd	Creator
164/7222-1.mpd	Creator
164/7222-1_Airplane.1.mpd	Creator
164/7222-1_Airplane.mpd	Creator
165/1462-1.1.mpd	Space / Blacktron II
165/1462-1.mpd	Space / Blacktron II
166/1479-1.1.mpd	Space / Blacktron II
166/1479-1.mpd	Space / Blacktron II
167/1887-1.1.mpd	Space / Blacktron II
167/1887-1.mpd	Space / Blacktron II
168/6812-1.1.mpd	Space / Blacktron II
168/6812-1.mpd	Space / Blacktron II
169/6832-1.1.mpd	Space / Blacktron II
169/6832-1.mpd	Space / Blacktron II
17/21013-1.1.mpd	Architecture
17/21013-1.mpd	Architecture
170/6851-1.1.mpd	Space / Blacktron II
170/6851-1.mpd	Space / Blacktron II
171/6861-2.1.mpd	Space / Blacktron II
171/6861-2.mpd	Space / Blacktron II
172/6878-1.1.mpd	Space / Blacktron II
172/6878-1.mpd	Space / Blacktron II
173/6887-1.1.mpd	Space / Blacktron II
173/6887-1.mpd	Space / Blacktron II
174/6933-1.1.mpd	Space / Blacktron II
174/6933-1.mpd	Space / Blacktron II
175/6981-1.1.mpd	Space / Blacktron II
175/6981-1.mpd	Space / Blacktron II
176/7268-1.1.mpd	Creator
176/7268-1.mpd	Creator
177/7269-1.1.mpd	Creator
177/7269-1.mpd	Creator
178/7270-1.1.mpd	Creator
178/7270-1.mpd	Creator
179/7271-1.1.mpd	Creator
179/7271-1.mpd	Creator
18/4349-1_Bird.1.mpd	Designer / X-Pods
18/4349-1_Bird.mpd	Designer / X-Pods
18/4349-1_Dragon-Fly.1.mpd	Designer / X-Pods
18/4349-1_Dragon-Fly.mpd	Designer / X-Pods
180/7272-1.1.mpd	Creator
180/7272-1.mpd	Creator
181/7274-1.1.mpd	Creator
181/7274-1.mpd	Creator
182/7275-1.1.mpd	Creator
182/7275-1.mpd	Creator
183/7276-1.1.mpd	Creator
183/7276-1.mpd	Creator
184/7278-1.1.mpd	Creator
184/7278-1.mpd	Creator
185/7910-1.1.mpd	Creator
185/7910-1.mpd	Creator
186/7911-1.1.mpd	Creator
186/7911-1.mpd	Creator
187/7912-1.1.mpd	Creator
187/7912-1.mpd	Creator
189/1478-1.1.mpd	Space / M:Tron
189/1478-1.mpd	Space / M:Tron
19/3654-1.1.mpd	Fabuland
19/3654-1.mpd	Fabuland
190/6811-1.1.mpd	Space / M:Tron
190/6811-1.mpd	Space / M:Tron
191/6833-1.1.mpd	Space / M:Tron
191/6833-1.mpd	Space / M:Tron
192/6862-1.1.mpd	Space / M:Tron
192/6862-1.mpd	Space / M:Tron
193/6877-1.1.mpd	Space / M:Tron
193/6877-1.mpd	Space / M:Tron
194/6896-1.1.mpd	Space / M:Tron
194/6896-1.mpd	Space / M:Tron
195/6923-1.1.mpd	Space / M:Tron
195/6923-1.mpd	Space / M:Tron
196/6956-1.1.mpd	Space / M:Tron
196/6956-1.mpd	Space / M:Tron
197/6989-1.1.mpd	Space / M:Tron
197/6989-1.mpd	Space / M:Tron
198/6955-1.1.mpd	Space / Space Police I
198/6955-1.mpd	Space / Space Police I
199/6986-1.1.mpd	Space / Space Police I
199/6986-1.mpd	Space / Space Police I
2/42045-1.1.mpd	Technic
2/42045-1.mpd	Technic
20/3659-1.1.mpd	Fabuland
20/3659-1.mpd	Fabuland
200/6831-1.1.mpd	Space / Space Police I
200/6831-1.mpd	Space / Space Police I
201/6781-1.1.mpd	Space / Space Police I
201/6781-1.mpd	Space / Space Police I
202/6886-1.1.mpd	Space / Space Police I
202/6886-1.mpd	Space / Space Police I
203/6895-1.1.mpd	Space / Space Police I
203/6895-1.mpd	Space / Space Police I
206/21027-1.1.mpd	Architecture
206/21027-1.mpd	Architecture
207/40148-1.1.mpd	Creator
207/40148-1.mpd	Creator
208/1916-1.1.mpd	Space / Space Police II
208/1916-1.mpd	Space / Space Police II
209/6957-1.1.mpd	Space / Space Police II
209/6957-1.mpd	Space / Space Police II
21/3667-1.1.mpd	Fabuland
21/3667-1.mpd	Fabuland
210/6984-1.1.mpd	Space / Space Police II
210/6984-1.mpd	Space / Space Police II
211/1969-1.1.mpd	Space / Space Police II
211/1969-1.mpd	Space / Space Police II
212/6813-1.1.mpd	Space / Space Police II
212/6813-1.mpd	Space / Space Police II
213/6852-1.1.mpd	Space / Space Police II
213/6852-1.mpd	Space / Space Police II
214/6897-1.1.mpd	Space / Space Police II
214/6897-1.mpd	Space / Space Police II
215/3015-1.1.mpd	Space / Space Police II
215/3015-1.mpd	Space / Space Police II
216/610-1.1.mpd	Legoland / Vehicle / Traffic
216/610-1.mpd	Legoland / Vehicle / Traffic
22/4838-1.1.mpd	Creator
22/4838-1.mpd	Creator
22/4838-1_Car.1.mpd	Creator
22/4838-1_Car.mpd	Creator
22/4838-1_Wrecker.1.mpd	Creator
22/4838-1_Wrecker.mpd	Creator
23/7875-1.1.mpd	Creator
23/7875-1.mpd	Creator
230/6988-1.1.mpd	Space / Blacktron II
230/6988-1.mpd	Space / Blacktron II
244/6780-1.1.mpd	Classic Space
244/6780-1.mpd	Classic Space
245/6801-1.1.mpd	Space / Classic Space
245/6801-1.mpd	Space / Classic Space
246/6822-1.1.mpd	Space / Classic Space
246/6822-1.mpd	Space / Classic Space
247/6827-1.1.mpd	Classic Space
247/6827-1.mpd	Classic Space
249/6842-1.1.mpd	Space / Classic Space
249/6842-1.mpd	Space / Classic Space
25/20014-1.1.mpd	Creator
25/20014-1.mpd	Creator
251/6870-1.1.mpd	Space / Classic Space
251/6870-1.mpd	Space / Classic Space
252/6891-1.1.mpd	Classic Space
252/6891-1.mpd	Classic Space
253/6927-1.1.mpd	Space / Classic Space
253/6927-1.mpd	Space / Classic Space
254/6929-1.1.mpd	Space / Classic Space
254/6929-1.mpd	Space / Classic Space
255/6951-1.1.mpd	Classic Space
255/6951-1.mpd	Classic Space
258/21028-1.1.mpd	Architecture
258/21028-1.mpd	Architecture
259/31028-1.1.mpd	Creator
259/31028-1.mpd	Creator
259/31028-1_Airboat.1.mpd	Creator
259/31028-1_Airboat.mpd	Creator
259/31028-1_Sailboat.1.mpd	Creator
259/31028-1_Sailboat.mpd	Creator
26/20015-1.1.mpd	Creator
26/20015-1.mpd	Creator
262/1787-1.1.mpd	Space / Unitron
262/1787-1.mpd	Space / Unitron
263/1789-1.1.mpd	Space / Unitron
263/1789-1.mpd	Space / Unitron
264/1793-1.1.mpd	Space / Unitron
264/1793-1.mpd	Space / Unitron
265/6814-1.1.mpd	Space / Ice Planet 2002
265/6814-1.mpd	Space / Ice Planet 2002
266/1731-1.1.mpd	Space / Ice Planet 2002
266/1731-1.mpd	Space / Ice Planet 2002
267/1704-1.1.mpd	Space / Ice Planet 2002
267/1704-1.mpd	Space / Ice Planet 2002
268/6834-1.1.mpd	Space / Ice Planet 2002
268/6834-1.mpd	Space / Ice Planet 2002
269/6879-1.1.mpd	Space / Ice Planet 2002
269/6879-1.mpd	Space / Ice Planet 2002
27/9469-1.1.mpd	The Hobbit and the Lord of the Rings / The Lord of the Rings
27/9469-1.mpd	The Hobbit and the Lord of the Rings / The Lord of the Rings
270/6898-1.1.mpd	Space / Ice Planet 2002
270/6898-1.mpd	Space / Ice Planet 2002
271/6973-1.1.mpd	Space / Ice Planet 2002
271/6973-1.mpd	Space / Ice Planet 2002
272/6983-1.1.mpd	Space / Ice Planet 2002
272/6983-1.mpd	Space / Ice Planet 2002
273/6949-1.1.mpd	Space / Spyrius
273/6949-1.mpd	Space / Spyrius
274/6959-1.1.mpd	Space / Spyrius
274/6959-1.mpd	Space / Spyrius
275/1714-1.1.mpd	Space / Spyrius
275/1714-1.mpd	Space / Spyrius
276/6835-1.1.mpd	Space / Spyrius
276/6835-1.mpd	Space / Spyrius
277/6889-1.1.mpd	Space / Spyrius
277/6889-1.mpd	Space / Spyrius
278/6939-1.1.mpd	Space / Spyrius
278/6939-1.mpd	Space / Spyrius
279/1620-1.1.mpd	Space / Futuron
279/1620-1.mpd	Space / Futuron
28/9470-1.1.mpd	The Hobbit and the Lord of the Rings / The Lord of the Rings
28/9470-1.mpd	The Hobbit and the Lord of the Rings / The Lord of the Rings
280/1974-4.1.mpd	Space / Futuron
280/1974-4.mpd	Space / Futuron
281/6770-1.1.mpd	Space / Futuron
281/6770-1.mpd	Space / Futuron
282/6810-1.1.mpd	Space / Futuron
282/6810-1.mpd	Space / Futuron
283/6828-1.1.mpd	Space / Futuron
283/6828-1.mpd	Space / Futuron
284/6830-1.1.mpd	Space / Futuron
284/6830-1.mpd	Space / Futuron
285/6848-1.1.mpd	Space / Futuron
285/6848-1.mpd	Space / Futuron
286/6850-1.1.mpd	Space / Futuron
286/6850-1.mpd	Space / Futuron
287/6875-1.1.mpd	Space / Futuron
287/6875-1.mpd	Space / Futuron
288/6884-1.1.mpd	Space / Futuron
288/6884-1.mpd	Space / Futuron
289/6885-1.1.mpd	Space / Futuron
289/6885-1.mpd	Space / Futuron
29/9471-1.1.mpd	The Hobbit and the Lord of the Rings / The Lord of the Rings
29/9471-1.mpd	The Hobbit and the Lord of the Rings / The Lord of the Rings
290/6893-1.1.mpd	Space / Futuron
290/6893-1.mpd	Space / Futuron
291/6925-1.1.mpd	Space / Futuron
291/6925-1.mpd	Space / Futuron
292/6932-1.1.mpd	Space / Futuron
292/6932-1.mpd	Space / Futuron
293/6953-1.1.mpd	Space / Futuron
293/6953-1.mpd	Space / Futuron
294/6990-1.1.mpd	Space / Futuron
294/6990-1.mpd	Space / Futuron
295/1621-1.1.mpd	Space / Futuron
295/1621-1.mpd	Space / Futuron
296/6769-1.1.mpd	Western / Cowboys
296/6769-1.mpd	Western / Cowboys
297/6716-1.1.mpd	Western / Cowboys
297/6716-1.mpd	Western / Cowboys
299/6706-1.1.mpd	Western / Cowboys
299/6706-1.mpd	Western / Cowboys
3/30090-1.1.mpd	Pharaoh's Quest
3/30090-1.mpd	Pharaoh's Quest
30/9476-1.1.mpd	The Hobbit and the Lord of the Rings / The Lord of the Rings
30/9476-1.mpd	The Hobbit and the Lord of the Rings / The Lord of the Rings
303/42056-1.1.mpd	Technic
303/42056-1.mpd	Technic
307/60101-1.1.mpd	City
307/60101-1.mpd	City
308/10030-1.1.mpd	Star Wars / Ultimate Collector Series / Star Wars Episode 4/5/6
308/10030-1.mpd	Star Wars / Ultimate Collector Series / Star Wars Episode 4/5/6
309/10252-1.1.mpd	Creator
309/10252-1.mpd	Creator
31/30210-1.1.mpd	Lord of the Rings
31/30210-1.mpd	Lord of the Rings
310/10174-1.1.mpd	Star Wars / Ultimate Collector Series / Star Wars Episode 4/5/6
310/10174-1.mpd	Star Wars / Ultimate Collector Series / Star Wars Episode 4/5/6
316/6010-1.1.mpd	Castle, Lion Knights
316/6010-1.mpd	Castle, Lion Knights
318/10129-1.1.mpd	Star Wars / Ultimate Collector Series / Star Wars Episode 4/5/6
318/10129-1.mpd	Star Wars / Ultimate Collector Series / Star Wars Episode 4/5/6
319/10227-1.1.mpd	Star Wars / Ultimate Collector Series / Star Wars Episode 4/5/6
319/10227-1.mpd	Star Wars / Ultimate Collector Series / Star Wars Episode 4/5/6
32/3676-1.1.mpd	Fabuland
32/3676-1.mpd	Fabuland
320/10179-1.1.mpd	Star Wars / Ultimate Collector Series / Star Wars Episode 4/5/6
320/10179-1.mpd	Star Wars / Ultimate Collector Series / Star Wars Episode 4/5/6
321/10240-1.1.mpd	Star Wars / Ultimate Collector Series / Star Wars Episode 4/5/6
321/10240-1.mpd	Star Wars / Ultimate Collector Series / Star Wars Episode 4/5/6
322/10134-1.1.mpd	Star Wars / Ultimate Collector Series / Star Wars Episode 4/5/6
322/10134-1.mpd	Star Wars / Ultimate Collector Series / Star Wars Episode 4/5/6
323/10212-1.1.mpd	Star Wars / Ultimate Collector Series / Star Wars Episode 4/5/6
323/10212-1.mpd	Star Wars / Ultimate Collector Series / Star Wars Episode 4/5/6
327/2845-1.1.mpd	Western / Indians
327/2845-1.mpd	Western / Indians
328/2846-1.1.mpd	Western / Indians
328/2846-1.mpd	Western / Indians
33/3707-1.1.mpd	Fabuland
33/3707-1.mpd	Fabuland
330/42024-1.1.mpd	Technic / Model / Traffic
330/42024-1.mpd	Technic / Model / Traffic
331/42022-1.1.mpd	Technic / Model / Race
331/42022-1.mpd	Technic / Model / Race
331/42022-1_Rally-Racer.1.mpd	Technic / Model / Race
331/42022-1_Rally-Racer.mpd	Technic / Model / Race
332/42021-1.1.mpd	Technic
332/42021-1.mpd	Technic
332/42021-1_Snow-Motorcycle.1.mpd	Technic
332/42021-1_Snow-Motorcycle.mpd	Technic
333/42023-1_Dump-Truck.1.mpd	Technic / Model / Construction
333/42023-1_Dump-Truck.mpd	Technic / Model / Construction
333/42023-1_Excavator.1.mpd	Technic / Model / Construction
333/42023-1_Excavator.mpd	Technic / Model / Construction
333/42023-1_Wheel-Loader.1.mpd	Technic / Model / Construction
333/42023-1_Wheel-Loader.mpd	Technic / Model / Construction
340/30285-1.1.mpd	Creator
340/30285-1.mpd	Creator
369/7327-1.1.mpd	Pharaoh's Quest
369/7327-1.mpd	Pharaoh's Quest
4/42046-1.1.mpd	Technic
4/42046-1.mpd	Technic
40/8245-1.1.mpd	Technic / Competition
40/8245-1.mpd	Technic / Competition
41/8257-1.1.mpd	Technic / Competition
41/8257-1.mpd	Technic / Competition
42/42031-1.1.mpd	Technic
42/42031-1.mpd	Technic
42/42031-1_Tow-Truck.1.mpd	Technic
42/42031-1_Tow-Truck.mpd	Technic
43/42032-1.1.mpd	Technic
43/42032-1.mpd	Technic
44/42033-1.1.mpd	Technic
44/42033-1.mpd	Technic
45/42034-1.1.mpd	Technic
45/42034-1.mpd	Technic
46/42035-1.1.mpd	Technic
46/42035-1.mpd	Technic
465/21034-1.1.mpd	Architecture
465/21034-1.mpd	Architecture
466/21033-1.1.mpd	Architecture
466/21033-1.mpd	Architecture
467/21032-1.1.mpd	Architecture
467/21032-1.mpd	Architecture
469/21030-1.1.mpd	Architecture
469/21030-1.mpd	Architecture
47/42036-1.1.mpd	Technic
47/42036-1.mpd	Technic
470/21029-1.1.mpd	Architecture
470/21029-1.mpd	Architecture
472/6765-1.1.mpd	Western / Cowboys
472/6765-1.mpd	Western / Cowboys
477/41585-1.1.mpd	Brickheadz
477/41585-1.mpd	Brickheadz
478/41586-1.1.mpd	Brickheadz
478/41586-1.mpd	Brickheadz
479/41587-1.1.mpd	Brickheadz
479/41587-1.mpd	Brickheadz
48/42037-1.1.mpd	Technic
48/42037-1.mpd	Technic
480/41588-1.1.mpd	Brickheadz
480/41588-1.mpd	Brickheadz
481/605-1.1.mpd	Classic Town
481/605-1.mpd	Classic Town
482/75144-1.1.mpd	Star Wars / Ultimate Collector Series / Star Wars Episode 4/5/6
482/75144-1.mpd	Star Wars / Ultimate Collector Series / Star Wars Episode 4/5/6
483/10175-1.1.mpd	Star Wars / Ultimate Collector Series / Star Wars Episode 4/5/6
483/10175-1.mpd	Star Wars / Ultimate Collector Series / Star Wars Episode 4/5/6
485/4837-1_Locomotive.1.mpd	Creator
485/4837-1_Locomotive.mpd	Creator
485/4837-1_Steam-Train.1.mpd	Creator
485/4837-1_Steam-Train.mpd	Creator
485/4837-1_Train.1.mpd	Creator
485/4837-1_Train.mpd	Creator
486/5762-1_Plane.1.mpd	Creator
486/5762-1_Plane.mpd	Creator
486/5762-1_Speedboat.1.mpd	Creator
486/5762-1_Speedboat.mpd	Creator
486/5762-1_Twin-Tail-Prop.1.mpd	Creator
486/5762-1_Twin-Tail-Prop.mpd	Creator
49/42038-1.1.mpd	Technic
49/42038-1.mpd	Technic
5/30091-1.1.mpd	Pharaoh's Quest
5/30091-1.mpd	Pharaoh's Quest
50/42039-1.1.mpd	Technic
50/42039-1.mpd	Technic
508/5571-1.1.mpd	Model Team
508/5571-1.mpd	Model Team
509/41589-1.1.mpd	Brickheadz
509/41589-1.mpd	Brickheadz
51/42040-1.1.mpd	Technic
51/42040-1.mpd	Technic
510/41590-1.1.mpd	Brickheadz
510/41590-1.mpd	Brickheadz
511/41591-1.1.mpd	Brickheadz
511/41591-1.mpd	Brickheadz
512/41592-1.1.mpd	Brickheadz
512/41592-1.mpd	Brickheadz
52/42042-1.1.mpd	Technic
52/42042-1.mpd	Technic
52/42042-1_Tower-Crane.1.mpd	Technic
52/42042-1_Tower-Crane.mpd	Technic
525/6964-1.1.mpd	Creator
525/6964-1.mpd	Creator
528/6967-1.1.mpd	Creator
528/6967-1.mpd	Creator
529/5864-1_Boat.1.mpd	Creator
529/5864-1_Boat.mpd	Creator
529/5864-1_Helicopter.1.mpd	Creator
529/5864-1_Helicopter.mpd	Creator
529/5864-1_Plane.1.mpd	Creator
529/5864-1_Plane.mpd	Creator
53/42043-1.1.mpd	Technic
53/42043-1.mpd	Technic
53/42043-1_Flatbed-Trailer.1.mpd	Technic
53/42043-1_Flatbed-Trailer.mpd	Technic
536/6741-1_Jet.1.mpd	Creator
536/6741-1_Jet.mpd	Creator
536/6741-1_Shuttle.1.mpd	Creator
536/6741-1_Shuttle.mpd	Creator
536/6741-1_Speedboat.1.mpd	Creator
536/6741-1_Speedboat.mpd	Creator
537/6742-1_Heavy-Forklift.1.mpd	Creator
537/6742-1_Heavy-Forklift.mpd	Creator
537/6742-1_Pickup.1.mpd	Creator
537/6742-1_Pickup.mpd	Creator
537/6742-1_Tractor.1.mpd	Creator
537/6742-1_Tractor.mpd	Creator
538/6911-1_Ladder-Truck.1.mpd	Creator
538/6911-1_Ladder-Truck.mpd	Creator
538/6911-1_Rescue-Helicopter.1.mpd	Creator
538/6911-1_Rescue-Helicopter.mpd	Creator
538/6911-1_Rescue-SUV.1.mpd	Creator
538/6911-1_Rescue-SUV.mpd	Creator
539/7601-1.1.mpd	Creator
539/7601-1.mpd	Creator
54/42047-1.1.mpd	Technic
54/42047-1.mpd	Technic
540/7602-1.1.mpd	Creator
540/7602-1.mpd	Creator
541/7603-1.1.mpd	Creator
541/7603-1.mpd	Creator
542/7803-1.1.mpd	Creator
542/7803-1.mpd	Creator
543/7808-1.1.mpd	Creator
543/7808-1.mpd	Creator
554/30542-1_Cute-Pug.1.mpd	Creator
554/30542-1_Cute-Pug.mpd	Creator
554/30542-1_Koala.1.mpd	Creator
554/30542-1_Koala.mpd	Creator
554/30542-1_Turkey.1.mpd	Creator
554/30542-1_Turkey.mpd	Creator
56/3219-1.1.mpd	Star Wars
56/3219-1.mpd	Star Wars
57/4484-1.1.mpd	Star Wars
57/4484-1.mpd	Star Wars
6/1713-1.1.mpd	Pirates
6/1713-1.mpd	Pirates
60/6232-1.1.mpd	Pirates
60/6232-1.mpd	Pirates
61/6279-1.1.mpd	Pirates
61/6279-1.mpd	Pirates
62/40138-1.1.mpd	Holiday / Christmas
62/40138-1.mpd	Holiday / Christmas
63/3715-1.1.mpd	Fabuland
63/3715-1.mpd	Fabuland
64/3718-1.1.mpd	Fabuland
64/3718-1.mpd	Fabuland
65/3784-1.1.mpd	Fabuland
65/3784-1.mpd	Fabuland
66/3791-1.1.mpd	Fabuland
66/3791-1.mpd	Fabuland
67/3794-1.1.mpd	Fabuland
67/3794-1.mpd	Fabuland
68/3795-1.1.mpd	Fabuland
68/3795-1.mpd	Fabuland
69/3796-1.1.mpd	Fabuland
69/3796-1.mpd	Fabuland
7/5934-1.1.mpd	Adventurers, Dino Island
7/5934-1.mpd	Adventurers, Dino Island
70/3798-1.1.mpd	Fabuland
70/3798-1.mpd	Fabuland
71/21000-1.1.mpd	Architecture
71/21000-1.mpd	Architecture
713/3721-1.1.mpd	Fabuland
713/3721-1.mpd	Fabuland
715/928-1.1.mpd	Space / Classic Space
715/928-1.mpd	Space / Classic Space
72/21000-2.1.mpd	Architecture
72/21000-2.mpd	Architecture
724/4347-1_Cement-Truck.1.mpd	Designer
724/4347-1_Cement-Truck.mpd	Designer
724/4347-1_Race-Car.1.mpd	Designer
724/4347-1_Race-Car.mpd	Designer
725/4348-1_Helicopter.1.mpd	Designer
725/4348-1_Helicopter.mpd	Designer
725/4348-1_Space-Ship.1.mpd	Designer
725/4348-1_Space-Ship.mpd	Designer
73/21003-1.1.mpd	Architecture
73/21003-1.mpd	Architecture
734/5920-1.1.mpd	Adventurers, Dino Island
734/5920-1.mpd	Adventurers, Dino Island
74/21006-1.1.mpd	Architecture
74/21006-1.mpd	Architecture
75/21007-1.1.mpd	Architecture
75/21007-1.mpd	Architecture
751/6604-1.1.mpd	Classic Town
751/6604-1.mpd	Classic Town
753/6825-1.1.mpd	Space / Classic Space
753/6825-1.mpd	Space / Classic Space
755/7223-1_Car.1.mpd	Designer
755/7223-1_Car.mpd	Designer
756/7326-1.1.mpd	Pharaoh's Quest
756/7326-1.mpd	Pharaoh's Quest
76/21012-1.1.mpd	Architecture
76/21012-1.mpd	Architecture
767/8022-1_Plane.1.mpd	Technic
767/8022-1_Plane.mpd	Technic
767/8022-1_Racecar.1.mpd	Technic
767/8022-1_Racecar.mpd	Technic
767/8022-1_Robot.1.mpd	Technic
767/8022-1_Robot.mpd	Technic
77/21014-1.1.mpd	Architecture
77/21014-1.mpd	Architecture
78/21015-1.1.mpd	Architecture
78/21015-1.mpd	Architecture
79/21017-1.1.mpd	Architecture
79/21017-1.mpd	Architecture
8/5935-1.1.mpd	Adventurers, Dino Island
8/5935-1.mpd	Adventurers, Dino Island
80/21018-1.1.mpd	Architecture
80/21018-1.mpd	Architecture
81/21019-1.1.mpd	Architecture
81/21019-1.mpd	Architecture
82/21020-1.1.mpd	Architecture
82/21020-1.mpd	Architecture
83/21021-1.1.mpd	Architecture
83/21021-1.mpd	Architecture
84/21022-1.1.mpd	Architecture
84/21022-1.mpd	Architecture
840/6325-1.1.mpd	Town
840/6325-1.mpd	Town
85/21023-1.1.mpd	Architecture
85/21023-1.mpd	Architecture
854/8830-1.1.mpd	Technic
854/8830-1.mpd	Technic
854/8830-1_Race-Car.1.mpd	Technic
854/8830-1_Race-Car.mpd	Technic
855/8855-1.1.mpd	Technic
855/8855-1.mpd	Technic
855/8855-1_Combination-with-8700.1.mpd	Technic
855/8855-1_Combination-with-8700.mpd	Technic
855/8855-1_Space-Shuttle.1.mpd	Technic
855/8855-1_Space-Shuttle.mpd	Technic
856/8841-1.1.mpd	Technic / Expert Builder
856/8841-1.mpd	Technic / Expert Builder
856/8841-1_Balance.1.mpd	Technic / Expert Builder
856/8841-1_Balance.mpd	Technic / Expert Builder
856/8841-1_Buggy.1.mpd	Technic / Expert Builder
856/8841-1_Buggy.mpd	Technic / Expert Builder
856/8841-1_Chassis.1.mpd	Technic / Expert Builder
856/8841-1_Chassis.mpd	Technic / Expert Builder
856/8841-1_Combination-with-8700.1.mpd	Technic / Expert Builder
856/8841-1_Combination-with-8700.mpd	Technic / Expert Builder
856/8841-1_Tractor.1.mpd	Technic / Expert Builder
856/8841-1_Tractor.mpd	Technic / Expert Builder
86/21024-1.1.mpd	Architecture
86/21024-1.mpd	Architecture
87/21026-1.1.mpd	Architecture
87/21026-1.mpd	Architecture
873/20006-1.1.mpd	Star Wars
873/20006-1.mpd	Star Wars
874/20011-1.1.mpd	Creator
874/20011-1.mpd	Creator
876/30201-1.1.mpd	Monster Fighters
876/30201-1.mpd	Monster Fighters
88/21031-1.1.mpd	Architecture
88/21031-1.mpd	Architecture
887/41512-1.1.mpd	Mixels / Series 2
887/41512-1.mpd	Mixels / Series 2
888/42041-1.1.mpd	Technic
888/42041-1.mpd	Technic
89/4915-1.1.mpd	Creator, Designer
89/4915-1.mpd	Creator, Designer
89/4915-1_Flat-Bed.1.mpd	Creator, Designer
89/4915-1_Flat-Bed.mpd	Creator, Designer
89/4915-1_Fork-Lift.1.mpd	Creator, Designer
89/4915-1_Fork-Lift.mpd	Creator, Designer
890/71006-1.1.mpd	The Simpsons
890/71006-1.mpd	The Simpsons
9/7306-1.1.mpd	Pharaoh's Quest
9/7306-1.mpd	Pharaoh's Quest
90/4918-1.1.mpd	Creator, Designer
90/4918-1.mpd	Creator, Designer
90/4918-1_Bi-Plane.1.mpd	Creator, Designer
90/4918-1_Bi-Plane.mpd	Creator, Designer
90/4918-1_Jet.1.mpd	Designer
90/4918-1_Jet.mpd	Designer
901/358-1.1.mpd	Legoland / Building
901/358-1.mpd	Legoland / Building
902/4432-1.1.mpd	Town
902/4432-1.mpd	Town
908/8880-1.1.mpd	Technic
908/8880-1.mpd	Technic
908/8880-1_F1-Racer.1.mpd	Technic
908/8880-1_F1-Racer.mpd	Technic
91/850-1.1.mpd	Technic
91/850-1.mpd	Technic
91/850-1_Grader.1.mpd	Technic
91/850-1_Grader.mpd	Technic
91/850-1_Lift.1.mpd	Technic
91/850-1_Lift.mpd	Technic
910/21039-1.1.mpd	Architecture
910/21039-1.mpd	Architecture
911/21036-1.1.mpd	Architecture
911/21036-1.mpd	Architecture
912/21041-1.1.mpd	Architecture
912/21041-1.mpd	Architecture
913/21042-1.1.mpd	Architecture
913/21042-1.mpd	Architecture
914/21043-1.1.mpd	Architecture
914/21043-1.mpd	Architecture
915/21047-1.1.mpd	Architecture
915/21047-1.mpd	Architecture
917/41490-1.1.mpd	Brickheadz
917/41490-1.mpd	Brickheadz
918/41491-1.1.mpd	Brickheadz
918/41491-1.mpd	Brickheadz
919/41492-1.1.mpd	Brickheadz
919/41492-1.mpd	Brickheadz
92/950-1.1.mpd	Technic
92/950-1.mpd	Technic
92/950-1_Grader.1.mpd	Technic
92/950-1_Grader.mpd	Technic
92/950-1_Lift.1.mpd	Technic
92/950-1_Lift.mpd	Technic
920/41493-1.1.mpd	Brickheadz
920/41493-1.mpd	Brickheadz
921/41593-1.1.mpd	Brickheadz
921/41593-1.mpd	Brickheadz
922/41594-1.1.mpd	Brickheadz
922/41594-1.mpd	Brickheadz
923/41595-1.1.mpd	Brickheadz
923/41595-1.mpd	Brickheadz
924/41596-1.1.mpd	Brickheadz
924/41596-1.mpd	Brickheadz
925/42026-1.1.mpd	Technic
925/42026-1.mpd	Technic
93/3063-1.1.mpd	Friends
93/3063-1.mpd	Friends
931/8032-1.1.mpd	Technic
931/8032-1.mpd	Technic
934/8448-1.1.mpd	Technic
934/8448-1.mpd	Technic
934/8448-1_Concept-Car.1.mpd	Technic
934/8448-1_Concept-Car.mpd	Technic
934/8448-1_Hot-Rod.1.mpd	Technic
934/8448-1_Hot-Rod.mpd	Technic
934/8448-1_Racer.1.mpd	Technic
934/8448-1_Racer.mpd	Technic
934/8448-1_Wing-Doors.1.mpd	Technic
934/8448-1_Wing-Doors.mpd	Technic
94/3930-1.1.mpd	Friends
94/3930-1.mpd	Friends
947/41497-1.1.mpd	Brickheadz
947/41497-1.mpd	Brickheadz
948/41496-1.1.mpd	Brickheadz
948/41496-1.mpd	Brickheadz
95/3931-1.1.mpd	Friends
95/3931-1.mpd	Friends
96/885-1.1.mpd	Space / Classic Space
96/885-1.mpd	Space / Classic Space
965/21037-1.1.mpd	Architecture
965/21037-1.mpd	Architecture
97/886-1.1.mpd	Space / Classic Space
97/886-1.mpd	Space / Classic Space
976/41485-1.1.mpd	Brickheadz
976/41485-1.mpd	Brickheadz
977/41486-1.1.mpd	Brickheadz
977/41486-1.mpd	Brickheadz
98/889-1.1.mpd	Space / Classic Space
98/889-1.mpd	Space / Classic Space
982/5540-1.1.mpd	Model Team
982/5540-1.mpd	Model Team
982/5540-1_Plane.1.mpd	Lego Modelteam
982/5540-1_Plane.mpd	Lego Modelteam
987/21046-1.1.mpd	Architecture
987/21046-1.mpd	Architecture
988/21045-1.1.mpd	Architecture
988/21045-1.mpd	Architecture
99/891-1.1.mpd	Space / Classic Space
99/891-1.mpd	Space / Classic Space
990/8466-1.1.mpd	Technic
990/8466-1.mpd	Technic
994/7181-1.1.mpd	Star Wars / Ultimate Collector Series / Star Wars Episode 4/5/6
994/7181-1.mpd	Star Wars / Ultimate Collector Series / Star Wars Episode 4/5/6
995/7191-1.1.mpd	Star Wars / Ultimate Collector Series / Star Wars Episode 4/5/6
995/7191-1.mpd	Star Wars / Ultimate Collector Series / Star Wars Episode 4/5/6
996/75033-1.1.mpd	Star Wars / Mini
996/75033-1.mpd	Star Wars / Mini
997/30277-1.1.mpd	Star Wars
997/30277-1.mpd	Star Wars
998/30056-1.1.mpd	Star Wars / Mini
998/30056-1.mpd	Star Wars / Mini
999/8099-1.1.mpd	Star Wars / Star Wars Episode 4/5/6
999/8099-1.mpd	Star Wars / Star Wars Episode 4/5/6
